Date,High,Low,Open,Close,Volume,Adj Close
2017-01-03,49.0,47.849998474121094,48.349998474121094,48.79999923706055,139000.0,47.784393310546875
2017-01-04,50.29999923706055,49.150001525878906,49.20000076293945,50.25,246400.0,49.2042236328125
2017-01-05,50.400001525878906,47.79999923706055,50.04999923706055,47.79999923706055,221600.0,46.80520248413086
2017-01-06,47.900001525878906,46.849998474121094,47.900001525878906,46.849998474121094,141100.0,45.874977111816406
2017-01-09,47.04999923706055,46.099998474121094,46.70000076293945,46.75,253800.0,45.77705383300781
2017-01-10,47.75,46.70000076293945,46.900001525878906,47.54999923706055,191500.0,46.56040573120117
2017-01-11,48.5,47.18000030517578,47.45000076293945,48.5,110000.0,47.49063491821289
2017-01-12,48.349998474121094,46.79999923706055,48.349998474121094,47.849998474121094,98200.0,46.85416793823242
2017-01-13,49.04999923706055,48.04999923706055,48.25,48.150001525878906,88400.0,47.147926330566406
2017-01-17,48.0,46.849998474121094,47.900001525878906,46.95000076293945,89500.0,45.972896575927734
2017-01-18,47.5,46.47999954223633,47.150001525878906,47.29999923706055,88200.0,46.315616607666016
2017-01-19,48.20000076293945,46.95000076293945,47.20000076293945,47.849998474121094,139000.0,46.85416793823242
2017-01-20,48.400001525878906,47.79999923706055,48.04999923706055,48.29999923706055,131200.0,47.2947998046875
2017-01-23,48.75,47.349998474121094,48.25,47.900001525878906,80500.0,46.90312957763672
2017-01-24,49.54999923706055,47.900001525878906,48.04999923706055,49.5,128700.0,48.46982955932617
2017-01-25,50.150001525878906,49.400001525878906,50.04999923706055,49.70000076293945,148500.0,48.66566467285156
2017-01-26,49.900001525878906,49.0,49.70000076293945,49.099998474121094,185800.0,48.07815170288086
2017-01-27,49.400001525878906,48.5,49.04999923706055,48.599998474121094,106800.0,47.588558197021484
2017-01-30,48.20000076293945,47.20000076293945,48.04999923706055,47.349998474121094,199400.0,46.36456298828125
2017-01-31,47.75,46.630001068115234,47.150001525878906,47.54999923706055,155800.0,46.56040573120117
2017-02-01,48.349998474121094,47.04999923706055,47.95000076293945,47.29999923706055,135100.0,46.315616607666016
2017-02-02,47.349998474121094,46.20000076293945,47.099998474121094,46.45000076293945,126800.0,45.48330307006836
2017-02-03,48.20000076293945,46.650001525878906,47.0,48.20000076293945,130500.0,47.19688415527344
2017-02-06,48.20000076293945,47.45000076293945,47.900001525878906,47.650001525878906,132900.0,46.658329010009766
2017-02-07,48.150001525878906,47.349998474121094,47.79999923706055,47.599998474121094,88700.0,46.60935974121094
2017-02-08,47.349998474121094,45.95000076293945,47.349998474121094,46.5,98200.0,45.53226089477539
2017-02-09,47.25,46.54999923706055,46.54999923706055,46.900001525878906,170900.0,45.923946380615234
2017-02-10,52.400001525878906,46.900001525878906,47.849998474121094,51.5,403800.0,50.42820358276367
2017-02-13,52.099998474121094,51.0,51.95000076293945,51.599998474121094,290800.0,50.52611541748047
2017-02-14,51.79999923706055,50.79999923706055,51.04999923706055,51.54999923706055,198900.0,50.47716522216797
2017-02-15,52.099998474121094,51.29999923706055,51.599998474121094,52.0,168600.0,50.91779708862305
2017-02-16,52.099998474121094,51.0,51.900001525878906,52.04999923706055,108600.0,50.966758728027344
2017-02-17,52.5,51.599998474121094,52.04999923706055,52.5,122900.0,51.40739059448242
2017-02-21,53.0,52.20000076293945,52.54999923706055,52.900001525878906,76900.0,51.799068450927734
2017-02-22,53.20000076293945,52.70000076293945,52.849998474121094,53.099998474121094,90800.0,51.99490737915039
2017-02-23,53.25,51.75,53.25,51.900001525878906,92500.0,50.819881439208984
2017-02-24,53.0,51.20000076293945,51.29999923706055,52.900001525878906,122700.0,51.799068450927734
2017-02-27,53.5,52.70000076293945,52.95000076293945,53.45000076293945,163600.0,52.337623596191406
2017-02-28,53.900001525878906,52.29999923706055,53.29999923706055,52.54999923706055,117200.0,51.456356048583984
2017-03-01,54.0,52.70000076293945,53.400001525878906,53.79999923706055,135300.0,52.81602096557617
2017-03-02,54.099998474121094,53.150001525878906,54.04999923706055,53.400001525878906,124300.0,52.423336029052734
2017-03-03,53.75,52.400001525878906,53.54999923706055,52.5,119600.0,51.539791107177734
2017-03-06,52.20000076293945,51.599998474121094,52.0,51.79999923706055,77100.0,50.85260009765625
2017-03-07,51.900001525878906,51.25,51.599998474121094,51.349998474121094,57000.0,50.41082763671875
2017-03-08,51.70000076293945,51.099998474121094,51.54999923706055,51.099998474121094,60300.0,50.165401458740234
2017-03-09,51.20000076293945,50.20000076293945,51.0,50.29999923706055,106200.0,49.380027770996094
2017-03-10,50.95000076293945,49.95000076293945,50.75,50.70000076293945,106700.0,49.77271270751953
2017-03-13,51.75,50.5,50.5,51.25,52700.0,50.312660217285156
2017-03-14,51.0,50.349998474121094,50.75,50.900001525878906,58800.0,49.96906280517578
2017-03-15,52.29999923706055,50.70000076293945,51.099998474121094,52.150001525878906,112300.0,51.196205139160156
2017-03-16,53.25,52.25,52.45000076293945,53.150001525878906,142800.0,52.17790603637695
2017-03-17,55.349998474121094,52.95000076293945,53.54999923706055,55.25,425600.0,54.239501953125
2017-03-20,55.400001525878906,54.04999923706055,55.29999923706055,55.150001525878906,172800.0,54.14133071899414
2017-03-21,55.650001525878906,53.70000076293945,55.650001525878906,53.849998474121094,171700.0,52.8651008605957
2017-03-22,53.650001525878906,52.650001525878906,53.599998474121094,53.0,139700.0,52.03064727783203
2017-03-23,54.45000076293945,52.95000076293945,53.099998474121094,54.099998474121094,136300.0,53.11052322387695
2017-03-24,54.79999923706055,52.349998474121094,54.79999923706055,52.650001525878906,183500.0,51.68705368041992
2017-03-27,52.45000076293945,50.95000076293945,52.0,52.150001525878906,70700.0,51.196205139160156
2017-03-28,52.380001068115234,51.47999954223633,51.95000076293945,52.29999923706055,102500.0,51.34345245361328
2017-03-29,52.43000030517578,51.849998474121094,52.29999923706055,52.0,143000.0,51.04894256591797
2017-03-30,52.5,51.849998474121094,52.04999923706055,52.29999923706055,130700.0,51.34345245361328
2017-03-31,53.150001525878906,52.25,52.349998474121094,52.79999923706055,147500.0,51.83430862426758
2017-04-03,53.099998474121094,50.900001525878906,52.79999923706055,50.900001525878906,159000.0,49.96906280517578
2017-04-04,51.150001525878906,49.45000076293945,50.79999923706055,49.849998474121094,203700.0,48.93825912475586
2017-04-05,50.54999923706055,49.0,49.29999923706055,49.099998474121094,173100.0,48.20198059082031
2017-04-06,49.11000061035156,48.54999923706055,49.099998474121094,48.95000076293945,154600.0,48.05472946166992
2017-04-07,49.599998474121094,48.04999923706055,48.70000076293945,49.29999923706055,200100.0,48.398319244384766
2017-04-10,50.5,49.25,49.45000076293945,49.849998474121094,123000.0,48.93825912475586
2017-04-11,50.5,49.099998474121094,49.650001525878906,50.349998474121094,140200.0,49.42911911010742
2017-04-12,50.25,48.79999923706055,50.20000076293945,48.95000076293945,91200.0,48.05472946166992
2017-04-13,49.20000076293945,48.25,48.79999923706055,48.79999923706055,108400.0,47.907466888427734
2017-04-17,49.849998474121094,48.900001525878906,48.900001525878906,49.70000076293945,105800.0,48.7910041809082
2017-04-18,50.029998779296875,49.279998779296875,49.54999923706055,49.900001525878906,105900.0,48.98735046386719
2017-04-19,51.0,49.95000076293945,50.099998474121094,50.20000076293945,91600.0,49.28186798095703
2017-04-20,50.70000076293945,50.25,50.5,50.45000076293945,133800.0,49.52729034423828
2017-04-21,50.95000076293945,50.130001068115234,50.45000076293945,50.75,125800.0,49.821800231933594
2017-04-24,52.130001068115234,51.400001525878906,51.75,51.900001525878906,79500.0,50.95077133178711
2017-04-25,52.900001525878906,52.150001525878906,52.45000076293945,52.400001525878906,84900.0,51.44162368774414
2017-04-26,53.20000076293945,52.099998474121094,52.400001525878906,52.650001525878906,112200.0,51.68705368041992
2017-04-27,53.349998474121094,52.650001525878906,52.650001525878906,53.150001525878906,110100.0,52.17790603637695
2017-04-28,53.52000045776367,51.75,53.04999923706055,51.900001525878906,107500.0,50.95077133178711
2017-05-01,52.599998474121094,51.45000076293945,51.95000076293945,52.54999923706055,106200.0,51.58888626098633
2017-05-02,53.70000076293945,51.900001525878906,52.650001525878906,52.45000076293945,109900.0,51.4907112121582
2017-05-03,52.099998474121094,51.25,52.0,51.54999923706055,82100.0,50.60717010498047
2017-05-04,52.25,51.099998474121094,51.95000076293945,51.75,55800.0,50.80351257324219
2017-05-05,52.25,51.5,51.900001525878906,52.0,81900.0,51.04894256591797
2017-05-08,52.650001525878906,51.599998474121094,51.900001525878906,52.45000076293945,82000.0,51.4907112121582
2017-05-09,51.20000076293945,45.70000076293945,51.20000076293945,46.79999923706055,558000.0,45.94404983520508
2017-05-10,47.150001525878906,45.400001525878906,46.20000076293945,46.849998474121094,267500.0,45.99312973022461
2017-05-11,47.5,45.400001525878906,46.70000076293945,45.45000076293945,129500.0,44.618736267089844
2017-05-12,45.25,44.25,45.25,44.5,110100.0,43.686119079589844
2017-05-15,45.849998474121094,44.70000076293945,44.70000076293945,45.75,95600.0,44.91324996948242
2017-05-16,46.0,45.20000076293945,45.95000076293945,45.650001525878906,95900.0,44.81507873535156
2017-05-17,45.650001525878906,44.150001525878906,45.650001525878906,44.25,115800.0,43.4406852722168
2017-05-18,45.04999923706055,43.79999923706055,44.29999923706055,44.79999923706055,114800.0,43.980621337890625
2017-05-19,45.5,44.900001525878906,45.150001525878906,44.95000076293945,88500.0,44.12788391113281
2017-05-22,46.130001068115234,45.04999923706055,45.150001525878906,46.099998474121094,101500.0,45.25685119628906
2017-05-23,46.349998474121094,45.599998474121094,46.349998474121094,46.099998474121094,84100.0,45.25685119628906
2017-05-24,46.849998474121094,46.04999923706055,46.04999923706055,46.45000076293945,73400.0,45.60044479370117
2017-05-25,47.150001525878906,46.349998474121094,46.79999923706055,46.75,74700.0,45.89495849609375
2017-05-26,46.95000076293945,46.400001525878906,46.75,46.70000076293945,59900.0,45.84587097167969
2017-05-30,46.650001525878906,46.0,46.650001525878906,46.349998474121094,47000.0,45.50227355957031
2017-05-31,46.79999923706055,45.95000076293945,46.5,46.349998474121094,85100.0,45.50227355957031
2017-06-01,46.79999923706055,46.04999923706055,46.45000076293945,46.599998474121094,124300.0,45.747703552246094
2017-06-02,48.45000076293945,46.75,46.75,47.599998474121094,80000.0,46.729408264160156
2017-06-05,47.79999923706055,46.400001525878906,47.400001525878906,46.45000076293945,91300.0,45.60044479370117
2017-06-06,46.54999923706055,45.70000076293945,46.20000076293945,46.20000076293945,50800.0,45.35502243041992
2017-06-07,46.58000183105469,45.650001525878906,46.25,45.900001525878906,96400.0,45.06050491333008
2017-06-08,47.45000076293945,45.400001525878906,45.75,46.95000076293945,101400.0,46.09130859375
2017-06-09,47.33000183105469,46.70000076293945,47.150001525878906,47.04999923706055,125800.0,46.189476013183594
2017-06-12,47.349998474121094,46.20000076293945,46.900001525878906,47.150001525878906,105200.0,46.28764724731445
2017-06-13,47.25,46.599998474121094,47.150001525878906,46.95000076293945,67900.0,46.09130859375
2017-06-14,47.150001525878906,46.599998474121094,46.849998474121094,46.95000076293945,47000.0,46.09130859375
2017-06-15,47.099998474121094,46.349998474121094,46.349998474121094,46.95000076293945,39200.0,46.09130859375
2017-06-16,46.79999923706055,46.25,46.25,46.650001525878906,294700.0,45.796791076660156
2017-06-19,47.20000076293945,46.25,46.45000076293945,46.349998474121094,90000.0,45.50227355957031
2017-06-20,46.29999923706055,45.099998474121094,46.29999923706055,45.349998474121094,77700.0,44.52056884765625
2017-06-21,45.95000076293945,45.0,45.400001525878906,45.04999923706055,68300.0,44.22604751586914
2017-06-22,45.79999923706055,45.0,45.0,45.650001525878906,55100.0,44.81507873535156
2017-06-23,46.099998474121094,45.45000076293945,45.650001525878906,45.900001525878906,130300.0,45.06050491333008
2017-06-26,46.150001525878906,45.70000076293945,46.04999923706055,45.79999923706055,44400.0,44.96233367919922
2017-06-27,46.29999923706055,45.099998474121094,45.70000076293945,45.20000076293945,56500.0,44.37331008911133
2017-06-28,46.20000076293945,45.29999923706055,45.5,46.0,66900.0,45.1586799621582
2017-06-29,46.29999923706055,45.0,46.0,45.5,47500.0,44.667823791503906
2017-06-30,46.599998474121094,45.54999923706055,45.54999923706055,46.29999923706055,74700.0,45.45319366455078
2017-07-03,46.900001525878906,46.0,46.45000076293945,46.45000076293945,36900.0,45.60044479370117
2017-07-05,47.0,45.5,46.5,46.95000076293945,65200.0,46.09130859375
2017-07-06,47.25,45.400001525878906,46.5,46.0,82100.0,45.1586799621582
2017-07-07,47.29999923706055,46.04999923706055,46.150001525878906,47.099998474121094,282500.0,46.23855972290039
2017-07-10,47.75,46.95000076293945,47.0,47.5,117800.0,46.63124084472656
2017-07-11,47.900001525878906,46.45000076293945,47.5,47.849998474121094,120300.0,46.974849700927734
2017-07-12,48.95000076293945,47.599998474121094,48.099998474121094,47.900001525878906,72100.0,47.02393341064453
2017-07-13,47.900001525878906,46.95000076293945,47.900001525878906,47.45000076293945,74200.0,46.5821647644043
2017-07-14,47.5,46.70000076293945,47.400001525878906,47.349998474121094,69700.0,46.48398208618164
2017-07-17,47.650001525878906,46.70000076293945,47.29999923706055,47.5,86700.0,46.63124084472656
2017-07-18,47.400001525878906,46.599998474121094,47.29999923706055,47.0,70100.0,46.14038848876953
2017-07-19,48.099998474121094,46.95000076293945,47.150001525878906,48.099998474121094,53000.0,47.22026443481445
2017-07-20,48.29999923706055,47.45000076293945,48.20000076293945,47.75,49600.0,46.87667465209961
2017-07-21,48.150001525878906,47.400001525878906,48.150001525878906,47.599998474121094,60800.0,46.729408264160156
2017-07-24,47.75,47.04999923706055,47.599998474121094,47.54999923706055,77300.0,46.68032455444336
2017-07-25,48.25,47.400001525878906,47.849998474121094,47.54999923706055,107300.0,46.68032455444336
2017-07-26,48.20000076293945,47.150001525878906,47.54999923706055,47.599998474121094,89500.0,46.729408264160156
2017-07-27,47.900001525878906,46.650001525878906,47.79999923706055,47.349998474121094,104700.0,46.48398208618164
2017-07-28,47.45000076293945,46.54999923706055,47.099998474121094,47.349998474121094,47800.0,46.48398208618164
2017-07-31,48.0,47.099998474121094,47.45000076293945,47.650001525878906,86900.0,46.77850341796875
2017-08-01,48.04999923706055,46.849998474121094,48.04999923706055,47.349998474121094,157200.0,46.48398208618164
2017-08-02,47.95000076293945,46.0,47.400001525878906,46.099998474121094,119900.0,45.25685119628906
2017-08-03,46.95000076293945,45.95000076293945,46.150001525878906,46.849998474121094,119600.0,45.99312973022461
2017-08-04,46.0,41.25,46.0,42.650001525878906,466600.0,41.86995315551758
2017-08-07,44.04999923706055,42.70000076293945,42.70000076293945,43.900001525878906,319600.0,43.09709167480469
2017-08-08,43.86000061035156,40.650001525878906,43.75,40.79999923706055,227500.0,40.05377960205078
2017-08-09,40.79999923706055,39.58000183105469,40.650001525878906,40.20000076293945,162000.0,39.46475601196289
2017-08-10,43.900001525878906,42.099998474121094,43.900001525878906,42.349998474121094,170600.0,41.5754280090332
2017-08-11,42.70000076293945,41.04999923706055,41.900001525878906,42.20000076293945,250200.0,41.428184509277344
2017-08-14,43.900001525878906,42.58000183105469,42.70000076293945,43.849998474121094,129900.0,43.04800033569336
2017-08-15,43.83000183105469,43.20000076293945,43.79999923706055,43.400001525878906,153300.0,42.60622787475586
2017-08-16,43.70000076293945,42.849998474121094,43.5,43.04999923706055,80300.0,42.26263427734375
2017-08-17,43.099998474121094,42.45000076293945,42.849998474121094,42.70000076293945,153100.0,41.91903305053711
2017-08-18,42.72999954223633,41.900001525878906,42.5,42.349998474121094,158800.0,41.5754280090332
2017-08-21,42.5,41.54999923706055,42.25,41.95000076293945,136000.0,41.18274688720703
2017-08-22,42.68000030517578,41.720001220703125,42.04999923706055,42.5,184200.0,41.72269058227539
2017-08-23,42.45000076293945,41.70000076293945,42.20000076293945,41.849998474121094,202900.0,41.08457946777344
2017-08-24,41.95000076293945,41.29999923706055,41.95000076293945,41.650001525878906,66300.0,40.88823318481445
2017-08-25,42.349998474121094,41.25,41.75,42.25,155900.0,41.47726821899414
2017-08-28,42.400001525878906,41.83000183105469,42.349998474121094,41.900001525878906,130200.0,41.1336669921875
2017-08-29,41.95000076293945,41.54999923706055,41.54999923706055,41.849998474121094,84100.0,41.08457946777344
2017-08-30,43.29999923706055,41.79999923706055,41.79999923706055,42.79999923706055,117900.0,42.15318298339844
2017-08-31,43.29999923706055,42.45000076293945,42.900001525878906,42.95000076293945,166400.0,42.30092239379883
2017-09-01,43.349998474121094,42.650001525878906,43.04999923706055,43.29999923706055,142600.0,42.645626068115234
2017-09-05,43.54999923706055,42.79999923706055,43.349998474121094,43.150001525878906,137400.0,42.49789047241211
2017-09-06,43.5,42.5,43.5,42.95000076293945,138000.0,42.30092239379883
2017-09-07,43.45000076293945,42.650001525878906,43.0,43.400001525878906,64600.0,42.74411392211914
2017-09-08,44.20000076293945,43.25,43.25,43.599998474121094,96900.0,42.94108963012695
2017-09-11,44.599998474121094,43.45000076293945,44.0,43.599998474121094,117500.0,42.94108963012695
2017-09-12,44.04999923706055,43.5,43.70000076293945,43.95000076293945,75200.0,43.285804748535156
2017-09-13,44.630001068115234,43.79999923706055,44.0,44.54999923706055,200400.0,43.876739501953125
2017-09-14,44.54999923706055,43.79999923706055,44.400001525878906,44.20000076293945,111200.0,43.53202819824219
2017-09-15,44.54999923706055,43.400001525878906,44.349998474121094,44.349998474121094,307100.0,43.67975616455078
2017-09-18,45.79999923706055,44.45000076293945,44.45000076293945,45.75,105300.0,45.05860137939453
2017-09-19,46.29999923706055,45.599998474121094,45.75,46.04999923706055,110800.0,45.35406494140625
2017-09-20,46.650001525878906,45.79999923706055,45.95000076293945,46.20000076293945,78700.0,45.501800537109375
2017-09-21,46.849998474121094,46.04999923706055,46.150001525878906,46.79999923706055,84100.0,46.092735290527344
2017-09-22,52.29999923706055,48.650001525878906,49.029998779296875,51.599998474121094,478500.0,50.820186614990234
2017-09-25,52.7400016784668,51.099998474121094,52.099998474121094,51.599998474121094,353300.0,50.820186614990234
2017-09-26,51.79999923706055,50.849998474121094,51.650001525878906,50.95000076293945,222500.0,50.180015563964844
2017-09-27,52.279998779296875,51.099998474121094,51.099998474121094,51.95000076293945,316300.0,51.1649055480957
2017-09-28,52.5,50.70000076293945,52.099998474121094,50.79999923706055,187800.0,50.032283782958984
2017-09-29,51.75,50.45000076293945,50.70000076293945,51.0,158700.0,50.22926712036133
2017-10-02,52.04999923706055,50.849998474121094,51.0,52.0,182400.0,51.21414566040039
2017-10-03,52.45000076293945,51.400001525878906,51.900001525878906,52.349998474121094,234200.0,51.55885314941406
2017-10-04,52.95000076293945,52.150001525878906,52.29999923706055,52.75,150800.0,51.95281219482422
2017-10-05,53.709999084472656,52.79999923706055,52.849998474121094,53.04999923706055,124100.0,52.24827575683594
2017-10-06,53.25,52.5,52.849998474121094,52.849998474121094,151800.0,52.051300048828125
2017-10-09,53.349998474121094,52.29999923706055,53.25,53.099998474121094,264200.0,52.297523498535156
2017-10-10,53.5,52.70000076293945,53.5,53.400001525878906,190000.0,52.59299087524414
2017-10-11,53.79999923706055,52.099998474121094,53.79999923706055,52.349998474121094,233800.0,51.55885314941406
2017-10-12,52.75,51.79999923706055,52.0,52.599998474121094,100800.0,51.805084228515625
2017-10-13,53.04999923706055,52.25,52.79999923706055,52.45000076293945,79200.0,51.6573486328125
2017-10-16,52.75,51.70000076293945,52.650001525878906,52.45000076293945,126100.0,51.6573486328125
2017-10-17,52.400001525878906,51.349998474121094,52.150001525878906,51.900001525878906,119600.0,51.11566162109375
2017-10-18,52.599998474121094,51.849998474121094,51.95000076293945,52.29999923706055,115800.0,51.50961685180664
2017-10-19,52.779998779296875,51.70000076293945,52.04999923706055,52.70000076293945,92700.0,51.90357208251953
2017-10-20,53.45000076293945,52.54999923706055,53.099998474121094,53.04999923706055,110100.0,52.24827575683594
2017-10-23,55.25,53.099998474121094,53.099998474121094,55.20000076293945,196300.0,54.365787506103516
2017-10-24,56.29999923706055,54.20000076293945,55.349998474121094,56.099998474121094,186900.0,55.2521858215332
2017-10-25,57.04999923706055,55.349998474121094,56.0,56.849998474121094,232000.0,55.99085235595703
2017-10-26,57.04999923706055,54.61000061035156,57.0,54.849998474121094,160300.0,54.02107238769531
2017-10-27,54.95000076293945,54.099998474121094,54.95000076293945,54.20000076293945,118700.0,53.38090515136719
2017-10-30,54.150001525878906,52.70000076293945,54.150001525878906,53.5,95500.0,52.69148254394531
2017-10-31,54.72999954223633,53.79999923706055,54.0,54.54999923706055,119300.0,53.725608825683594
2017-11-01,54.900001525878906,53.54999923706055,54.900001525878906,54.20000076293945,61400.0,53.38090515136719
2017-11-02,55.95000076293945,53.709999084472656,54.29999923706055,55.599998474121094,190900.0,54.75973892211914
2017-11-03,55.70000076293945,53.650001525878906,55.5,53.75,152700.0,52.937705993652344
2017-11-06,54.25,53.599998474121094,53.75,54.150001525878906,67700.0,53.331661224365234
2017-11-07,54.599998474121094,53.349998474121094,54.54999923706055,53.650001525878906,174800.0,52.839210510253906
2017-11-08,54.099998474121094,52.849998474121094,53.75,53.5,87100.0,52.69148254394531
2017-11-09,53.349998474121094,52.400001525878906,53.150001525878906,53.099998474121094,69000.0,52.297523498535156
2017-11-10,53.400001525878906,52.70000076293945,53.04999923706055,53.0,107400.0,52.19903564453125
2017-11-13,53.150001525878906,52.349998474121094,52.849998474121094,53.099998474121094,150800.0,52.297523498535156
2017-11-14,53.400001525878906,52.599998474121094,52.900001525878906,53.04999923706055,89300.0,52.24827575683594
2017-11-15,53.209999084472656,52.279998779296875,53.0,52.79999923706055,103600.0,52.00205612182617
2017-11-16,53.54999923706055,52.0,52.75,53.0,139200.0,52.19903564453125
2017-11-17,53.54999923706055,52.599998474121094,52.75,53.0,143800.0,52.19903564453125
2017-11-20,53.849998474121094,52.29999923706055,53.0,53.5,192300.0,52.69148254394531
2017-11-21,64.3499984741211,58.79999923706055,58.79999923706055,60.75,858100.0,59.83191680908203
2017-11-22,64.94999694824219,61.0,61.04999923706055,62.0,500600.0,61.063018798828125
2017-11-24,63.29999923706055,61.900001525878906,62.0,62.150001525878906,148700.0,61.21075439453125
2017-11-27,61.900001525878906,58.849998474121094,59.90999984741211,61.400001525878906,276800.0,60.47209167480469
2017-11-28,63.25,61.0,61.349998474121094,63.0,220000.0,62.04791259765625
2017-11-29,63.04999923706055,62.029998779296875,63.0,62.95000076293945,199200.0,61.99866485595703
2017-11-30,63.0,61.79999923706055,62.900001525878906,61.95000076293945,289000.0,61.0137825012207
2017-12-01,62.150001525878906,59.900001525878906,62.099998474121094,61.75,187600.0,60.81679916381836
2017-12-04,62.83000183105469,60.70000076293945,62.70000076293945,60.75,127200.0,59.83191680908203
2017-12-05,61.0,59.95000076293945,60.849998474121094,60.75,129800.0,59.83191680908203
2017-12-06,60.95000076293945,60.04999923706055,60.599998474121094,60.5,226400.0,59.585689544677734
2017-12-07,60.79999923706055,59.599998474121094,60.400001525878906,60.0,166100.0,59.0932502746582
2017-12-08,60.70000076293945,59.54999923706055,60.400001525878906,60.25,112700.0,59.33946990966797
2017-12-11,60.54999923706055,57.5,60.54999923706055,57.849998474121094,190000.0,56.97574234008789
2017-12-12,58.650001525878906,57.400001525878906,58.0,58.04999923706055,211600.0,57.17271041870117
2017-12-13,59.099998474121094,58.04999923706055,58.04999923706055,58.599998474121094,103400.0,57.71440887451172
2017-12-14,59.04999923706055,57.650001525878906,58.599998474121094,57.75,89900.0,56.87724685668945
2017-12-15,59.5,57.95000076293945,57.95000076293945,59.349998474121094,553600.0,58.45306396484375
2017-12-18,61.20000076293945,59.54999923706055,60.0,60.349998474121094,163900.0,59.437957763671875
2017-12-19,60.900001525878906,59.599998474121094,60.349998474121094,59.70000076293945,139600.0,58.79777908325195
2017-12-20,60.099998474121094,59.29999923706055,60.099998474121094,59.54999923706055,79900.0,58.65004348754883
2017-12-21,60.25,59.5,59.849998474121094,59.75,108000.0,58.84701919555664
2017-12-22,59.95000076293945,58.75,59.95000076293945,58.849998474121094,63700.0,57.96062469482422
2017-12-26,59.25,58.54999923706055,59.0,58.95000076293945,55100.0,58.05911636352539
2017-12-27,59.29999923706055,58.150001525878906,59.04999923706055,58.650001525878906,66300.0,57.76364517211914
2017-12-28,59.099998474121094,58.20000076293945,58.75,59.0,119600.0,58.108360290527344
2017-12-29,59.5,58.25,59.20000076293945,58.95000076293945,94500.0,58.05911636352539
2018-01-02,59.95000076293945,58.650001525878906,59.20000076293945,59.150001525878906,89300.0,58.256099700927734
2018-01-03,59.650001525878906,58.599998474121094,59.04999923706055,58.650001525878906,78700.0,57.76364517211914
2018-01-04,59.45000076293945,58.849998474121094,58.95000076293945,59.04999923706055,60300.0,58.15760040283203
2018-01-05,59.400001525878906,58.650001525878906,59.29999923706055,59.349998474121094,54100.0,58.45306396484375
2018-01-08,60.29999923706055,58.83000183105469,59.349998474121094,59.75,95000.0,58.84701919555664
2018-01-09,60.45000076293945,59.70000076293945,59.900001525878906,59.849998474121094,65400.0,58.94551467895508
2018-01-10,59.900001525878906,59.0,59.70000076293945,59.79999923706055,50900.0,58.896270751953125
2018-01-11,60.95000076293945,59.29999923706055,59.849998474121094,60.900001525878906,170100.0,59.97964859008789
2018-01-12,62.650001525878906,61.04999923706055,61.04999923706055,61.95000076293945,107300.0,61.0137825012207
2018-01-16,63.849998474121094,60.400001525878906,62.5,61.5,136200.0,60.570579528808594
2018-01-17,61.849998474121094,60.150001525878906,61.849998474121094,60.75,131600.0,59.83191680908203
2018-01-18,61.0,59.79999923706055,60.79999923706055,59.95000076293945,98700.0,59.044002532958984
2018-01-19,60.75,58.29999923706055,58.310001373291016,60.650001525878906,172200.0,59.73343276977539
2018-01-22,60.400001525878906,58.599998474121094,60.400001525878906,59.70000076293945,135100.0,58.79777908325195
2018-01-23,59.650001525878906,58.54999923706055,59.650001525878906,58.79999923706055,62100.0,57.911380767822266
2018-01-24,59.04999923706055,58.0,58.29999923706055,58.849998474121094,164000.0,57.96062469482422
2018-01-25,59.75,58.25,58.849998474121094,59.75,94800.0,58.84701919555664
2018-01-26,60.25,59.349998474121094,60.0,60.099998474121094,99900.0,59.19173049926758
2018-01-29,60.849998474121094,59.95000076293945,60.099998474121094,60.349998474121094,128700.0,59.437957763671875
2018-01-30,60.279998779296875,59.29999923706055,60.099998474121094,59.45000076293945,74800.0,58.55155944824219
2018-01-31,59.849998474121094,58.0,59.79999923706055,58.04999923706055,97500.0,57.17271041870117
2018-02-01,59.70000076293945,57.70000076293945,58.0,59.150001525878906,150700.0,58.256099700927734
2018-02-02,58.900001525878906,58.0,58.400001525878906,58.150001525878906,115800.0,57.27120590209961
2018-02-05,58.0,55.599998474121094,57.849998474121094,56.04999923706055,178300.0,55.20294189453125
2018-02-06,56.599998474121094,54.599998474121094,55.150001525878906,56.04999923706055,205700.0,55.20294189453125
2018-02-07,58.650001525878906,52.25,57.349998474121094,55.0,367400.0,54.16881561279297
2018-02-08,54.849998474121094,53.349998474121094,54.75,54.04999923706055,315900.0,53.2331657409668
2018-02-09,57.54999923706055,53.75,54.5,57.0,533000.0,56.13858413696289
2018-02-12,58.33000183105469,56.650001525878906,57.0,58.099998474121094,235200.0,57.22195816040039
2018-02-13,59.29999923706055,57.650001525878906,57.650001525878906,58.599998474121094,224100.0,57.71440887451172
2018-02-14,59.650001525878906,57.849998474121094,58.04999923706055,59.54999923706055,214900.0,58.65004348754883
2018-02-15,61.20000076293945,59.650001525878906,60.0,61.099998474121094,159500.0,60.17662048339844
2018-02-16,61.79999923706055,60.650001525878906,60.79999923706055,61.099998474121094,213300.0,60.17662048339844
2018-02-20,61.900001525878906,60.5,60.95000076293945,60.75,191400.0,59.83191680908203
2018-02-21,61.79999923706055,60.45000076293945,60.95000076293945,60.95000076293945,144600.0,60.028892517089844
2018-02-22,61.5,60.70000076293945,60.900001525878906,60.79999923706055,100900.0,59.88115692138672
2018-02-23,61.70000076293945,60.400001525878906,61.29999923706055,61.5,100100.0,60.570579528808594
2018-02-26,62.20000076293945,61.45000076293945,61.650001525878906,62.0,82900.0,61.063018798828125
2018-02-27,62.75,61.75,61.95000076293945,61.75,208500.0,60.81679916381836
2018-02-28,62.04999923706055,61.08000183105469,61.900001525878906,61.400001525878906,202600.0,60.60458755493164
2018-03-01,61.5,60.25,61.349998474121094,61.0,192900.0,60.209774017333984
2018-03-02,61.400001525878906,60.25,60.599998474121094,61.25,208000.0,60.45652389526367
2018-03-05,62.29999923706055,60.79999923706055,60.900001525878906,62.04999923706055,122800.0,61.246158599853516
2018-03-06,62.150001525878906,61.150001525878906,62.150001525878906,61.79999923706055,141200.0,60.99940490722656
2018-03-07,62.849998474121094,61.45000076293945,61.45000076293945,62.70000076293945,118900.0,61.88774871826172
2018-03-08,63.150001525878906,61.97999954223633,62.95000076293945,62.650001525878906,193600.0,61.83839797973633
2018-03-09,64.3499984741211,62.54999923706055,63.099998474121094,64.19999694824219,323700.0,63.36831283569336
2018-03-12,65.1500015258789,64.19999694824219,64.19999694824219,64.5999984741211,179400.0,63.763126373291016
2018-03-13,65.55000305175781,64.8499984741211,64.8499984741211,65.30000305175781,176800.0,64.45405578613281
2018-03-14,66.19999694824219,64.75,65.55000305175781,65.19999694824219,215600.0,64.35535430908203
2018-03-15,65.69999694824219,65.19999694824219,65.25,65.6500015258789,152700.0,64.7995376586914
2018-03-16,66.0999984741211,64.5999984741211,65.75,65.0,455200.0,64.15795135498047
2018-03-19,64.9000015258789,62.849998474121094,64.9000015258789,63.599998474121094,254600.0,62.77608108520508
2018-03-20,65.25,63.70000076293945,63.70000076293945,65.05000305175781,155000.0,64.2072982788086
2018-03-21,65.5999984741211,64.80000305175781,64.94999694824219,65.5,92300.0,64.6514663696289
2018-03-22,65.8499984741211,63.54999923706055,65.0999984741211,63.599998474121094,180600.0,62.77608108520508
2018-03-23,63.70000076293945,62.70000076293945,63.70000076293945,62.79999923706055,123300.0,61.9864501953125
2018-03-26,65.0,63.25,63.75,64.8499984741211,142600.0,64.0098876953125
2018-03-27,65.25,62.70000076293945,65.0,62.900001525878906,141900.0,62.08515167236328
2018-03-28,63.349998474121094,62.29999923706055,63.0,63.20000076293945,152800.0,62.38127136230469
2018-03-29,64.22000122070312,63.04999923706055,63.5,63.599998474121094,212900.0,62.77608108520508
2018-04-02,64.19999694824219,62.150001525878906,63.45000076293945,62.599998474121094,107200.0,61.789039611816406
2018-04-03,63.58000183105469,62.20000076293945,62.849998474121094,62.849998474121094,120600.0,62.03580093383789
2018-04-04,63.45000076293945,61.70000076293945,62.0,63.25,136900.0,62.43062210083008
2018-04-05,64.44999694824219,63.400001525878906,63.54999923706055,64.1500015258789,210500.0,63.31896209716797
2018-04-06,64.05000305175781,61.20000076293945,63.79999923706055,61.75,186400.0,60.950050354003906
2018-04-09,62.45000076293945,61.54999923706055,62.20000076293945,61.650001525878906,99400.0,60.851348876953125
2018-04-10,62.70000076293945,62.0,62.400001525878906,62.349998474121094,73200.0,61.54227828979492
2018-04-11,63.25,62.099998474121094,62.099998474121094,62.79999923706055,158600.0,61.9864501953125
2018-04-12,63.54999923706055,63.0,63.150001525878906,63.29999923706055,109900.0,62.4799690246582
2018-04-13,63.95000076293945,63.0,63.599998474121094,63.75,87400.0,62.92414093017578
2018-04-16,64.3499984741211,63.70000076293945,64.0999984741211,63.70000076293945,112200.0,62.87479019165039
2018-04-17,65.6500015258789,63.900001525878906,64.0999984741211,65.5999984741211,200800.0,64.75017547607422
2018-04-18,66.6500015258789,65.44999694824219,65.8499984741211,65.8499984741211,129000.0,64.99694061279297
2018-04-19,67.19999694824219,64.87999725341797,65.6500015258789,66.3499984741211,334800.0,65.4904556274414
2018-04-20,66.55000305175781,65.1500015258789,66.4000015258789,65.4000015258789,113900.0,64.55277252197266
2018-04-23,66.12999725341797,64.55000305175781,65.44999694824219,64.75,139600.0,63.91118621826172
2018-04-24,65.5999984741211,62.650001525878906,64.80000305175781,63.25,270500.0,62.43062210083008
2018-04-25,63.349998474121094,62.45000076293945,63.29999923706055,63.0,154900.0,62.183860778808594
2018-04-26,64.4000015258789,62.5,63.150001525878906,64.0999984741211,118000.0,63.26960372924805
2018-04-27,64.1500015258789,62.400001525878906,64.0999984741211,63.099998474121094,221400.0,62.282562255859375
2018-04-30,63.099998474121094,61.75,62.900001525878906,61.75,202300.0,60.950050354003906
2018-05-01,61.900001525878906,60.29999923706055,61.45000076293945,60.75,301400.0,59.9630126953125
2018-05-02,60.79999923706055,59.47999954223633,60.650001525878906,59.79999923706055,267800.0,59.02531051635742
2018-05-03,65.47000122070312,62.900001525878906,63.0,63.5,468400.0,62.67738342285156
2018-05-04,65.0,62.630001068115234,63.29999923706055,64.44999694824219,190300.0,63.61507797241211
2018-05-07,69.30000305175781,64.44999694824219,64.44999694824219,69.19999694824219,275300.0,68.30355072021484
2018-05-08,72.4000015258789,69.23999786376953,69.94999694824219,71.0,361200.0,70.08021545410156
2018-05-09,71.75,70.75,71.19999694824219,70.94999694824219,311100.0,70.03087615966797
2018-05-10,71.30000305175781,70.55000305175781,70.94999694824219,71.25,222100.0,70.32698059082031
2018-05-11,71.52999877929688,70.30000305175781,71.1500015258789,70.69999694824219,162000.0,69.78410339355469
2018-05-14,70.05000305175781,68.5,69.3499984741211,69.3499984741211,251800.0,68.45159912109375
2018-05-15,69.5999984741211,68.43000030517578,68.8499984741211,69.0,131200.0,68.10612487792969
2018-05-16,70.5999984741211,69.05000305175781,69.0999984741211,70.25,234800.0,69.3399429321289
2018-05-17,70.94999694824219,70.05000305175781,70.1500015258789,70.25,139400.0,69.3399429321289
2018-05-18,71.75,70.25,70.44999694824219,71.5,157800.0,70.57374572753906
2018-05-21,72.43000030517578,71.18000030517578,71.8499984741211,71.8499984741211,212600.0,70.9192123413086
2018-05-22,72.30000305175781,70.3499984741211,72.0,70.5,150100.0,69.5866928100586
2018-05-23,70.30000305175781,69.44999694824219,70.30000305175781,70.0,176000.0,69.09317779541016
2018-05-24,70.9000015258789,69.94999694824219,70.0,70.19999694824219,82300.0,69.29058074951172
2018-05-25,70.9000015258789,69.55000305175781,70.0,70.6500015258789,233300.0,69.73475646972656
2018-05-29,71.19999694824219,69.69999694824219,70.19999694824219,70.25,102400.0,69.3399429321289
2018-05-30,70.69999694824219,70.0,70.4000015258789,70.6500015258789,248300.0,69.73475646972656
2018-05-31,70.55000305175781,69.3499984741211,70.55000305175781,69.55000305175781,130100.0,68.64900207519531
2018-06-01,70.75,69.55000305175781,70.0,70.3499984741211,212900.0,69.43864440917969
2018-06-04,70.94999694824219,69.6500015258789,70.3499984741211,70.0,130100.0,69.09317779541016
2018-06-05,70.25,69.75,70.0,70.0,144900.0,69.09317779541016
2018-06-06,70.1500015258789,69.69999694824219,70.0,70.0,162900.0,69.09317779541016
2018-06-07,70.19999694824219,69.69999694824219,70.0,70.0,285600.0,69.09317779541016
2018-06-08,70.5999984741211,69.69999694824219,70.0,70.5,290300.0,69.5866928100586
2018-06-11,71.3499984741211,68.9000015258789,70.5999984741211,69.05000305175781,157400.0,68.15547943115234
2018-06-12,69.5,68.30000305175781,69.0,68.5,175000.0,67.61260223388672
2018-06-13,68.69999694824219,67.80000305175781,68.5,68.0999984741211,114000.0,67.2177963256836
2018-06-14,69.94999694824219,67.4000015258789,69.3499984741211,67.69999694824219,177200.0,66.8229751586914
2018-06-15,67.25,65.94999694824219,67.25,66.5,390600.0,65.6385269165039
2018-06-18,66.94999694824219,65.5999984741211,65.8499984741211,66.69999694824219,185700.0,65.83592987060547
2018-06-19,67.0999984741211,65.5999984741211,65.94999694824219,67.0,322400.0,66.13204193115234
2018-06-20,67.75,66.69999694824219,67.25,67.69999694824219,173200.0,66.8229751586914
2018-06-21,68.0,66.4000015258789,67.5,66.5,109300.0,65.6385269165039
2018-06-22,67.25,66.25,66.94999694824219,67.25,439600.0,66.3788070678711
2018-06-25,66.8499984741211,63.349998474121094,66.8499984741211,63.75,186100.0,62.92414093017578
2018-06-26,64.69999694824219,63.400001525878906,63.650001525878906,64.3499984741211,111100.0,63.516361236572266
2018-06-27,64.80000305175781,62.75,64.3499984741211,62.75,107600.0,61.937095642089844
2018-06-28,63.349998474121094,62.04999923706055,62.79999923706055,63.150001525878906,79400.0,62.33191680908203
2018-06-29,64.4000015258789,63.54999923706055,63.70000076293945,64.19999694824219,164500.0,63.36831283569336
2018-07-02,66.0,63.45000076293945,63.900001525878906,65.9000015258789,179200.0,65.04629516601562
2018-07-03,66.8499984741211,65.9000015258789,66.44999694824219,66.80000305175781,96800.0,65.93463134765625
2018-07-05,67.80000305175781,66.55000305175781,67.0,67.75,157600.0,66.87232971191406
2018-07-06,68.80000305175781,67.1500015258789,67.5999984741211,68.3499984741211,163700.0,67.46454620361328
2018-07-09,69.5999984741211,68.5,68.69999694824219,69.0999984741211,159600.0,68.204833984375
2018-07-10,70.19999694824219,68.93000030517578,69.9000015258789,69.4000015258789,227100.0,68.50094604492188
2018-07-11,69.6500015258789,68.69999694824219,68.75,69.19999694824219,124600.0,68.30355072021484
2018-07-12,70.08000183105469,69.19999694824219,69.9000015258789,69.8499984741211,136700.0,68.94510650634766
2018-07-13,70.1500015258789,69.5,69.8499984741211,69.9000015258789,103800.0,68.99446868896484
2018-07-16,70.19999694824219,68.8499984741211,70.19999694824219,68.94999694824219,86900.0,68.05677795410156
2018-07-17,69.19999694824219,68.75,68.94999694824219,69.0,73000.0,68.10612487792969
2018-07-18,69.4000015258789,68.4000015258789,69.0,69.1500015258789,179600.0,68.25418853759766
2018-07-19,69.3499984741211,68.80000305175781,69.25,69.0999984741211,160100.0,68.204833984375
2018-07-20,69.30000305175781,68.6500015258789,68.9000015258789,68.9000015258789,98000.0,68.00743103027344
2018-07-23,69.1500015258789,68.25,68.8499984741211,68.75,88200.0,67.85936737060547
2018-07-24,69.55000305175781,68.19999694824219,69.19999694824219,68.5999984741211,79400.0,67.71131896972656
2018-07-25,69.0,67.94999694824219,68.5,69.0,47500.0,68.10612487792969
2018-07-26,69.75,68.55000305175781,69.0,69.0999984741211,126800.0,68.204833984375
2018-07-27,69.30000305175781,67.0,69.30000305175781,67.75,55800.0,66.87232971191406
2018-07-30,68.25,66.4000015258789,67.69999694824219,66.5,52300.0,65.6385269165039
2018-07-31,68.3499984741211,66.5,66.5999984741211,68.0999984741211,94500.0,67.2177963256836
2018-08-01,68.8499984741211,67.5,68.0999984741211,68.69999694824219,60700.0,67.81001281738281
2018-08-02,69.19999694824219,68.19999694824219,68.6500015258789,68.6500015258789,74400.0,67.76066589355469
2018-08-03,69.05000305175781,66.55000305175781,68.6500015258789,66.69999694824219,117700.0,65.83592987060547
2018-08-06,67.30000305175781,66.1500015258789,66.69999694824219,67.25,64400.0,66.3788070678711
2018-08-07,67.58000183105469,65.80000305175781,67.3499984741211,67.1500015258789,82400.0,66.28009796142578
2018-08-08,77.3499984741211,71.05000305175781,73.9000015258789,71.94999694824219,368300.0,71.01791381835938
2018-08-09,73.33000183105469,70.9000015258789,72.5,71.1500015258789,174000.0,70.22827911376953
2018-08-10,73.44999694824219,70.4000015258789,70.69999694824219,73.05000305175781,161100.0,72.10366821289062
2018-08-13,74.11000061035156,72.69999694824219,73.19999694824219,73.44999694824219,160300.0,72.49848175048828
2018-08-14,74.75,73.22000122070312,73.6500015258789,73.9000015258789,130700.0,72.94265747070312
2018-08-15,73.80000305175781,72.25,73.44999694824219,72.4000015258789,98800.0,71.46208190917969
2018-08-16,74.1500015258789,72.80000305175781,72.80000305175781,74.05000305175781,122900.0,73.09070587158203
2018-08-17,74.5999984741211,73.5,74.0,74.5,105800.0,73.53488159179688
2018-08-20,74.58000183105469,73.1500015258789,74.44999694824219,73.19999694824219,116700.0,72.25171661376953
2018-08-21,74.0,73.25,73.25,73.44999694824219,141900.0,72.49848175048828
2018-08-22,73.69999694824219,73.0999984741211,73.30000305175781,73.3499984741211,134800.0,72.3997802734375
2018-08-23,74.55000305175781,72.8499984741211,73.25,74.3499984741211,90500.0,73.38682556152344
2018-08-24,75.75,74.44999694824219,74.6500015258789,75.69999694824219,101900.0,74.71932983398438
2018-08-27,76.75,75.41999816894531,76.05000305175781,76.44999694824219,105800.0,75.45960998535156
2018-08-28,77.1500015258789,76.3499984741211,76.75,76.8499984741211,120900.0,75.85443878173828
2018-08-29,77.23999786376953,76.0,76.6500015258789,76.75,90100.0,75.88904571533203
2018-08-30,77.05000305175781,74.5,77.05000305175781,75.05000305175781,109600.0,74.20812225341797
2018-08-31,75.80000305175781,74.44999694824219,74.9000015258789,75.69999694824219,74700.0,74.85081481933594
2018-09-04,75.55000305175781,73.9000015258789,75.5,75.4000015258789,108200.0,74.55418395996094
2018-09-05,75.25,74.19999694824219,75.25,74.8499984741211,66200.0,74.01034545898438
2018-09-06,75.4000015258789,74.44999694824219,74.44999694824219,75.05000305175781,100900.0,74.20812225341797
2018-09-07,75.5,74.6500015258789,74.6500015258789,75.44999694824219,122600.0,74.60362243652344
2018-09-10,76.94999694824219,75.3499984741211,76.3499984741211,75.5,76900.0,74.65306854248047
2018-09-11,76.19999694824219,74.9000015258789,75.5,75.75,95100.0,74.9002685546875
2018-09-12,76.19999694824219,75.0,75.75,75.0999984741211,134000.0,74.2575454711914
2018-09-13,75.9000015258789,73.80000305175781,75.6500015258789,74.1500015258789,121800.0,73.31822204589844
2018-09-14,76.4000015258789,74.05000305175781,74.5,75.44999694824219,189700.0,74.60362243652344
2018-09-17,75.30000305175781,73.30000305175781,75.30000305175781,73.6500015258789,290200.0,72.82382202148438
2018-09-18,73.80000305175781,72.55000305175781,73.6500015258789,73.5,208100.0,72.67549896240234
2018-09-19,73.69999694824219,71.6500015258789,73.44999694824219,71.8499984741211,177700.0,71.04401397705078
2018-09-20,72.25,70.25,72.25,70.9000015258789,139300.0,70.10467529296875
2018-09-21,72.8499984741211,70.9000015258789,71.0,72.05000305175781,633200.0,71.24177551269531
2018-09-24,72.44999694824219,71.0,71.94999694824219,71.05000305175781,133300.0,70.25298309326172
2018-09-25,72.55000305175781,71.25,71.3499984741211,72.25,102100.0,71.43952178955078
2018-09-26,73.0,71.19999694824219,72.44999694824219,71.3499984741211,152700.0,70.54961395263672
2018-09-27,72.05000305175781,71.33000183105469,71.55000305175781,71.69999694824219,129100.0,70.89569091796875
2018-09-28,73.0999984741211,71.3499984741211,71.69999694824219,73.05000305175781,127800.0,72.23054504394531
2018-10-01,73.81999969482422,71.9000015258789,73.5199966430664,72.29000091552734,99000.0,71.47908020019531
2018-10-02,72.08000183105469,70.79000091552734,72.08000183105469,71.02999877929688,70800.0,70.23321533203125
2018-10-03,71.87999725341797,70.81999969482422,71.29000091552734,71.58999633789062,142300.0,70.78692626953125
2018-10-04,71.68000030517578,70.72000122070312,71.41999816894531,71.33999633789062,99300.0,70.53972625732422
2018-10-05,72.0199966430664,69.62000274658203,71.33000183105469,70.73999786376953,170900.0,69.94645690917969
2018-10-08,70.8499984741211,69.19000244140625,70.51000213623047,70.0,129900.0,69.21476745605469
2018-10-09,70.33000183105469,69.16999816894531,69.83999633789062,69.93000030517578,174200.0,69.14556121826172
2018-10-10,70.33000183105469,67.5,69.80000305175781,67.9000015258789,310000.0,67.13832092285156
2018-10-11,69.5199966430664,66.94000244140625,67.62999725341797,66.9800033569336,266600.0,66.22864532470703
2018-10-12,68.19000244140625,66.62000274658203,68.0199966430664,67.68000030517578,222800.0,66.92078399658203
2018-10-15,69.4000015258789,67.06999969482422,67.7300033569336,68.55999755859375,134700.0,67.79092407226562
2018-10-16,70.54000091552734,68.23999786376953,68.80999755859375,70.41000366210938,131800.0,69.62017822265625
2018-10-17,70.36000061035156,68.79000091552734,70.3499984741211,69.22000122070312,117900.0,68.44351959228516
2018-10-18,68.68000030517578,67.12999725341797,68.68000030517578,67.37999725341797,67700.0,66.6241455078125
2018-10-19,67.36000061035156,65.48999786376953,67.2300033569336,65.80999755859375,84400.0,65.07176971435547
2018-10-22,66.0999984741211,65.25,65.80000305175781,65.7699966430664,143200.0,65.03221893310547
2018-10-23,65.76000213623047,63.68000030517578,64.87999725341797,65.1500015258789,133700.0,64.4191665649414
2018-10-24,65.7699966430664,63.83000183105469,65.55999755859375,63.900001525878906,145900.0,63.183197021484375
2018-10-25,66.11000061035156,64.05000305175781,64.87000274658203,65.33000183105469,223800.0,64.59715270996094
2018-10-26,66.31999969482422,63.540000915527344,64.62999725341797,65.27999877929688,87500.0,64.54771423339844
2018-10-29,66.2300033569336,63.130001068115234,65.9800033569336,63.83000183105469,109900.0,63.11397933959961
2018-10-30,65.0,62.72999954223633,63.90999984741211,64.80999755859375,96700.0,64.08297729492188
2018-10-31,67.19000244140625,65.44000244140625,65.56999969482422,65.61000061035156,163600.0,64.87400817871094
2018-11-01,67.2300033569336,65.61000061035156,65.97000122070312,65.87000274658203,140600.0,65.13108825683594
2018-11-02,66.9000015258789,65.19000244140625,66.2300033569336,65.75,99800.0,65.01243591308594
2018-11-05,66.77999877929688,64.86000061035156,65.83000183105469,65.83000183105469,99800.0,65.09154510498047
2018-11-06,67.79000091552734,65.55000305175781,65.55000305175781,67.54000091552734,75800.0,66.78235626220703
2018-11-07,69.97000122070312,67.5,68.05999755859375,69.69999694824219,129800.0,68.91813659667969
2018-11-08,70.0999984741211,68.81999969482422,69.38999938964844,69.37000274658203,64500.0,68.59182739257812
2018-11-09,69.51000213623047,68.18000030517578,68.97000122070312,69.05999755859375,85800.0,68.2853012084961
2018-11-12,69.06999969482422,66.05999755859375,69.06999969482422,66.7699966430664,142800.0,66.02098846435547
2018-11-13,66.83000183105469,65.12000274658203,66.79000091552734,65.1500015258789,110000.0,64.4191665649414
2018-11-14,66.29000091552734,63.59000015258789,65.62999725341797,63.93000030517578,86500.0,63.21284866333008
2018-11-15,66.7699966430664,59.939998626708984,65.52999877929688,65.9000015258789,174700.0,65.16075897216797
2018-11-16,69.08999633789062,65.58000183105469,65.91000366210938,68.29000091552734,271200.0,67.5239486694336
2018-11-19,68.83000183105469,65.41000366210938,68.05000305175781,65.72000122070312,199800.0,64.98277282714844
2018-11-20,65.48999786376953,63.66999816894531,64.81999969482422,64.2300033569336,458200.0,63.509490966796875
2018-11-21,65.37999725341797,63.779998779296875,64.58999633789062,64.13999938964844,100400.0,63.42049789428711
2018-11-23,65.26000213623047,63.209999084472656,63.709999084472656,64.12999725341797,51500.0,63.41061019897461
2018-11-26,66.31999969482422,64.31999969482422,64.97000122070312,66.19000244140625,176000.0,65.44750213623047
2018-11-27,63.29999923706055,58.369998931884766,62.900001525878906,58.380001068115234,496700.0,57.72511291503906
2018-11-28,61.45000076293945,58.2599983215332,58.77000045776367,61.0,458500.0,60.31572723388672
2018-11-29,61.84000015258789,58.40999984741211,60.54999923706055,59.029998779296875,3060100.0,58.367820739746094
2018-11-30,61.790000915527344,59.36000061035156,60.0,61.189998626708984,848400.0,60.50358963012695
2018-12-03,62.279998779296875,59.209999084472656,61.810001373291016,60.70000076293945,297300.0,60.01908874511719
2018-12-04,60.65999984741211,55.95000076293945,60.65999984741211,56.130001068115234,281400.0,55.5003547668457
2018-12-06,56.06999969482422,53.54999923706055,55.15999984741211,56.029998779296875,427300.0,55.4014778137207
2018-12-07,56.97999954223633,54.40999984741211,56.27000045776367,55.130001068115234,510800.0,54.51156997680664
2018-12-10,56.529998779296875,54.70000076293945,55.220001220703125,55.619998931884766,280800.0,54.99607467651367
2018-12-11,56.959999084472656,54.65999984741211,56.650001525878906,55.310001373291016,149900.0,54.689552307128906
2018-12-12,56.88999938964844,54.939998626708984,55.959999084472656,55.900001525878906,282300.0,55.27293395996094
2018-12-13,56.880001068115234,55.40999984741211,56.31999969482422,56.36000061035156,201200.0,55.7277717590332
2018-12-14,57.560001373291016,55.939998626708984,55.939998626708984,56.38999938964844,245300.0,55.7574348449707
2018-12-17,57.20000076293945,55.189998626708984,55.939998626708984,55.58000183105469,219600.0,54.956520080566406
2018-12-18,56.4900016784668,55.47999954223633,55.68000030517578,56.2400016784668,220600.0,55.6091194152832
2018-12-19,56.959999084472656,53.349998474121094,56.2400016784668,54.060001373291016,188900.0,53.453575134277344
2018-12-20,54.20000076293945,51.86000061035156,53.40999984741211,52.7400016784668,408500.0,52.14837646484375
2018-12-21,53.77000045776367,51.29999923706055,52.91999816894531,51.900001525878906,743300.0,51.31780242919922
2018-12-24,51.900001525878906,50.709999084472656,51.900001525878906,50.849998474121094,124600.0,50.279579162597656
2018-12-26,52.7599983215332,50.61000061035156,50.970001220703125,52.70000076293945,142900.0,52.10883331298828
2018-12-27,53.900001525878906,51.79999923706055,51.79999923706055,53.869998931884766,298700.0,53.26570129394531
2018-12-28,54.470001220703125,52.349998474121094,54.33000183105469,53.29999923706055,290200.0,52.70209503173828
2018-12-31,53.90999984741211,53.0,53.47999954223633,53.7400016784668,132500.0,53.13716506958008
