Date,High,Low,Open,Close,Volume,Adj Close
2017-01-03,7.150000095367432,6.666999816894531,7.150000095367432,6.75,18400,6.75
2017-01-04,7.099999904632568,6.921999931335449,7.0,6.949999809265137,6100,6.949999809265137
2017-01-05,7.0,6.949999809265137,7.0,6.949999809265137,6900,6.949999809265137
2017-01-06,7.09499979019165,6.949999809265137,6.949999809265137,7.0,2900,7.0
2017-01-09,7.0,6.599999904632568,7.0,6.800000190734863,11600,6.800000190734863
2017-01-10,6.900000095367432,6.599999904632568,6.699999809265137,6.75,7900,6.75
2017-01-11,6.949999809265137,6.7230000495910645,6.729000091552734,6.949999809265137,3100,6.949999809265137
2017-01-12,6.849999904632568,6.599999904632568,6.849999904632568,6.800000190734863,11200,6.800000190734863
2017-01-13,6.949999809265137,6.800000190734863,6.800000190734863,6.900000095367432,4200,6.900000095367432
2017-01-17,6.800000190734863,6.599999904632568,6.800000190734863,6.650000095367432,8700,6.650000095367432
2017-01-18,6.699999809265137,5.75,6.5,6.0,51600,6.0
2017-01-19,6.099999904632568,5.75,5.949999809265137,6.0,21600,6.0
2017-01-20,6.050000190734863,5.888999938964844,6.050000190734863,5.949999809265137,6700,5.949999809265137
2017-01-23,6.050000190734863,5.849999904632568,5.949999809265137,6.050000190734863,7900,6.050000190734863
2017-01-24,6.159999847412109,5.949999809265137,6.159999847412109,6.050000190734863,4200,6.050000190734863
2017-01-25,6.01200008392334,5.849999904632568,5.949999809265137,5.949999809265137,6400,5.949999809265137
2017-01-26,5.849999904632568,5.75,5.7820000648498535,5.800000190734863,7300,5.800000190734863
2017-01-27,6.050000190734863,5.800000190734863,5.84499979019165,5.800000190734863,9500,5.800000190734863
2017-01-30,5.913000106811523,5.75,5.800000190734863,5.849999904632568,16500,5.849999904632568
2017-01-31,5.800000190734863,5.300000190734863,5.75,5.550000190734863,38300,5.550000190734863
2017-02-01,5.699999809265137,5.400000095367432,5.449999809265137,5.699999809265137,12500,5.699999809265137
2017-02-02,5.650000095367432,5.300000190734863,5.550000190734863,5.349999904632568,23300,5.349999904632568
2017-02-03,5.449999809265137,5.349999904632568,5.349999904632568,5.400000095367432,7000,5.400000095367432
2017-02-06,5.5,5.349999904632568,5.5,5.449999809265137,8000,5.449999809265137
2017-02-07,5.550000190734863,5.313000202178955,5.400000095367432,5.550000190734863,13200,5.550000190734863
2017-02-08,5.550000190734863,5.400000095367432,5.5,5.449999809265137,8600,5.449999809265137
2017-02-09,5.418000221252441,5.099999904632568,5.400000095367432,5.25,31500,5.25
2017-02-10,5.216000080108643,5.099999904632568,5.164999961853027,5.150000095367432,11300,5.150000095367432
2017-02-13,5.25,5.0,5.099999904632568,5.099999904632568,15400,5.099999904632568
2017-02-14,5.400000095367432,4.949999809265137,5.150000095367432,5.0,21800,5.0
2017-02-15,5.050000190734863,4.900000095367432,4.949999809265137,4.949999809265137,11100,4.949999809265137
2017-02-16,4.849999904632568,4.599999904632568,4.849999904632568,4.699999809265137,16900,4.699999809265137
2017-02-17,4.849999904632568,4.699999809265137,4.75,4.849999904632568,5400,4.849999904632568
2017-02-21,5.054999828338623,4.849999904632568,4.849999904632568,5.050000190734863,5600,5.050000190734863
2017-02-22,5.050000190734863,4.989999771118164,4.989999771118164,5.050000190734863,4000,5.050000190734863
2017-02-23,5.050000190734863,4.849999904632568,5.050000190734863,4.980999946594238,17400,4.980999946594238
2017-02-24,5.25,5.0,5.0,5.150000095367432,8700,5.150000095367432
2017-02-27,5.650000095367432,4.767000198364258,4.949999809265137,5.650000095367432,10500,5.650000095367432
2017-02-28,6.025000095367432,5.599999904632568,5.75,5.650000095367432,29900,5.650000095367432
2017-03-01,5.699999809265137,5.5,5.629000186920166,5.699999809265137,10200,5.699999809265137
2017-03-02,6.050000190734863,5.741000175476074,5.741000175476074,5.949999809265137,4800,5.949999809265137
2017-03-03,6.080999851226807,5.775000095367432,5.900000095367432,5.849999904632568,11900,5.849999904632568
2017-03-06,6.650000095367432,6.050000190734863,6.449999809265137,6.199999809265137,56600,6.199999809265137
2017-03-07,6.199999809265137,5.849999904632568,6.199999809265137,5.849999904632568,146800,5.849999904632568
2017-03-08,6.139999866485596,5.650000095367432,5.900000095367432,5.75,34400,5.75
2017-03-09,6.0,5.21999979019165,5.75,5.300000190734863,48800,5.300000190734863
2017-03-10,5.380000114440918,5.050000190734863,5.295000076293945,5.050000190734863,41300,5.050000190734863
2017-03-13,5.25,4.949999809265137,5.150000095367432,4.949999809265137,32000,4.949999809265137
2017-03-14,5.699999809265137,4.949999809265137,4.949999809265137,5.699999809265137,11300,5.699999809265137
2017-03-15,5.900000095367432,5.599999904632568,5.800000190734863,5.599999904632568,20900,5.599999904632568
2017-03-16,5.650000095367432,5.341000080108643,5.599999904632568,5.349999904632568,14400,5.349999904632568
2017-03-17,5.5,5.38700008392334,5.400000095367432,5.5,11500,5.5
2017-03-20,5.849999904632568,5.599999904632568,5.599999904632568,5.800000190734863,14000,5.800000190734863
2017-03-21,5.925000190734863,5.650000095367432,5.84499979019165,5.650000095367432,6000,5.650000095367432
2017-03-22,5.800000190734863,5.699999809265137,5.699999809265137,5.734000205993652,2700,5.734000205993652
2017-03-23,5.949999809265137,5.800000190734863,5.800000190734863,5.800000190734863,14400,5.800000190734863
2017-03-24,5.900000095367432,5.78000020980835,5.88100004196167,5.78000020980835,3400,5.78000020980835
2017-03-27,5.949999809265137,5.88700008392334,5.949999809265137,5.900000095367432,1600,5.900000095367432
2017-03-28,6.0,5.900000095367432,6.0,5.900000095367432,7000,5.900000095367432
2017-03-29,6.0,5.849999904632568,5.909999847412109,5.849999904632568,6600,5.849999904632568
2017-03-30,6.0,5.849999904632568,6.0,5.949999809265137,8400,5.949999809265137
2017-03-31,6.050000190734863,5.900000095367432,5.900000095367432,5.949999809265137,18100,5.949999809265137
2017-04-03,6.0,5.900000095367432,5.900000095367432,5.949999809265137,4100,5.949999809265137
2017-04-04,6.0,5.949999809265137,6.0,5.949999809265137,5800,5.949999809265137
2017-04-05,6.0,5.900000095367432,6.0,5.900000095367432,6400,5.900000095367432
2017-04-06,6.0,5.900000095367432,5.900000095367432,5.949999809265137,4100,5.949999809265137
2017-04-07,5.949999809265137,5.900000095367432,5.949999809265137,5.949999809265137,7700,5.949999809265137
2017-04-10,6.0,5.915999889373779,5.949999809265137,6.0,4300,6.0
2017-04-11,6.0,5.900000095367432,6.0,5.949999809265137,5600,5.949999809265137
2017-04-12,6.0,5.84499979019165,5.84499979019165,6.0,5100,6.0
2017-04-13,6.0,5.915999889373779,5.949999809265137,5.949999809265137,1700,5.949999809265137
2017-04-17,5.979000091552734,5.909999847412109,5.949999809265137,5.922999858856201,5100,5.922999858856201
2017-04-18,5.949999809265137,5.800000190734863,5.949999809265137,5.800000190734863,5600,5.800000190734863
2017-04-19,6.0,5.800000190734863,5.800000190734863,5.949999809265137,9900,5.949999809265137
2017-04-20,5.949999809265137,5.900000095367432,5.949999809265137,5.949999809265137,7100,5.949999809265137
2017-04-21,6.0,5.894000053405762,5.949999809265137,5.949999809265137,4800,5.949999809265137
2017-04-24,5.949999809265137,5.849999904632568,5.900000095367432,5.949999809265137,6300,5.949999809265137
2017-04-25,6.0,5.849999904632568,6.0,5.949999809265137,6700,5.949999809265137
2017-04-26,6.0,5.849999904632568,5.949999809265137,5.900000095367432,12100,5.900000095367432
2017-04-27,5.949999809265137,5.798999786376953,5.798999786376953,5.949999809265137,6000,5.949999809265137
2017-04-28,5.949999809265137,5.800000190734863,5.800000190734863,5.949999809265137,4700,5.949999809265137
2017-05-01,6.0,5.849999904632568,5.849999904632568,6.0,5400,6.0
2017-05-02,6.0,5.909999847412109,6.0,5.949999809265137,3000,5.949999809265137
2017-05-03,6.0,5.849999904632568,5.849999904632568,6.0,12500,6.0
2017-05-04,6.0,5.849999904632568,5.949999809265137,6.0,3800,6.0
2017-05-05,6.0,5.900000095367432,6.0,5.949999809265137,5000,5.949999809265137
2017-05-08,6.0,5.926000118255615,6.0,5.949999809265137,15600,5.949999809265137
2017-05-09,5.949999809265137,5.800000190734863,5.900000095367432,5.849999904632568,5700,5.849999904632568
2017-05-10,5.900000095367432,5.75,5.800000190734863,5.75,6900,5.75
2017-05-11,5.75,5.550000190734863,5.650000095367432,5.650000095367432,24600,5.650000095367432
2017-05-12,5.849999904632568,5.609000205993652,5.622000217437744,5.849999904632568,13000,5.849999904632568
2017-05-15,5.949999809265137,5.800000190734863,5.800000190734863,5.900000095367432,4600,5.900000095367432
2017-05-16,5.900000095367432,5.800000190734863,5.849999904632568,5.849999904632568,6500,5.849999904632568
2017-05-17,5.849999904632568,5.650000095367432,5.78000020980835,5.800000190734863,6400,5.800000190734863
2017-05-18,5.900000095367432,5.699999809265137,5.716000080108643,5.900000095367432,6500,5.900000095367432
2017-05-19,5.949999809265137,5.849999904632568,5.949999809265137,5.949999809265137,23000,5.949999809265137
2017-05-22,7.854000091552734,5.804999828338623,6.0,7.349999904632568,1296600,7.349999904632568
2017-05-23,7.349999904632568,5.5,7.349999904632568,6.300000190734863,430600,6.300000190734863
2017-05-24,6.377999782562256,5.75,6.300000190734863,5.900000095367432,66400,5.900000095367432
2017-05-25,6.0,5.599999904632568,6.0,5.75,39400,5.75
2017-05-26,5.800000190734863,5.199999809265137,5.75,5.300000190734863,37600,5.300000190734863
2017-05-30,5.460000038146973,5.199999809265137,5.300000190734863,5.300000190734863,41900,5.300000190734863
2017-05-31,5.599999904632568,5.085000038146973,5.25,5.550000190734863,32900,5.550000190734863
2017-06-01,5.550000190734863,5.150000095367432,5.550000190734863,5.5,28700,5.5
2017-06-02,5.650000095367432,5.349999904632568,5.449999809265137,5.650000095367432,28800,5.650000095367432
2017-06-05,5.550000190734863,5.400000095367432,5.550000190734863,5.5,20800,5.5
2017-06-06,5.599999904632568,5.300000190734863,5.550000190734863,5.349999904632568,21200,5.349999904632568
2017-06-07,5.349999904632568,5.199999809265137,5.300000190734863,5.25,22700,5.25
2017-06-08,5.300000190734863,5.099999904632568,5.300000190734863,5.150000095367432,15300,5.150000095367432
2017-06-09,5.199999809265137,5.099999904632568,5.150000095367432,5.199999809265137,5600,5.199999809265137
2017-06-12,5.25,5.050000190734863,5.150000095367432,5.050000190734863,13000,5.050000190734863
2017-06-13,5.300000190734863,5.050000190734863,5.150000095367432,5.25,20200,5.25
2017-06-14,5.25,5.050000190734863,5.25,5.099999904632568,23500,5.099999904632568
2017-06-15,5.349999904632568,5.0,5.349999904632568,5.099999904632568,21800,5.099999904632568
2017-06-16,5.150000095367432,5.0,5.050000190734863,5.0,14000,5.0
2017-06-19,5.150000095367432,4.75,5.150000095367432,4.949999809265137,27500,4.949999809265137
2017-06-20,5.300000190734863,5.0,5.0,5.300000190734863,26700,5.300000190734863
2017-06-21,5.389999866485596,5.2170000076293945,5.300000190734863,5.349999904632568,26100,5.349999904632568
2017-06-22,5.449999809265137,5.300000190734863,5.400000095367432,5.349999904632568,30800,5.349999904632568
2017-06-23,5.400000095367432,4.800000190734863,5.400000095367432,5.400000095367432,304400,5.400000095367432
2017-06-26,5.449999809265137,5.349999904632568,5.349999904632568,5.400000095367432,7300,5.400000095367432
2017-06-27,5.400000095367432,5.25,5.349999904632568,5.300000190734863,12900,5.300000190734863
2017-06-28,5.349999904632568,5.0,5.349999904632568,5.099999904632568,32200,5.099999904632568
2017-06-29,5.449999809265137,5.050000190734863,5.099999904632568,5.449999809265137,22200,5.449999809265137
2017-06-30,5.35099983215332,5.099999904632568,5.349999904632568,5.199999809265137,16200,5.199999809265137
2017-07-03,5.25,5.099999904632568,5.199999809265137,5.25,8800,5.25
2017-07-05,5.25,5.150000095367432,5.25,5.25,5700,5.25
2017-07-06,5.199999809265137,5.050000190734863,5.150000095367432,5.099999904632568,3800,5.099999904632568
2017-07-07,5.119999885559082,5.0,5.119999885559082,5.050000190734863,7400,5.050000190734863
2017-07-10,5.050000190734863,4.949999809265137,5.021999835968018,4.949999809265137,24000,4.949999809265137
2017-07-11,5.0,4.849999904632568,4.900000095367432,4.900000095367432,9100,4.900000095367432
2017-07-12,4.849999904632568,4.699999809265137,4.824999809265137,4.849999904632568,45500,4.849999904632568
2017-07-13,4.900000095367432,4.650000095367432,4.900000095367432,4.75,15500,4.75
2017-07-14,4.75,4.650000095367432,4.704999923706055,4.75,14100,4.75
2017-07-17,4.75,4.699999809265137,4.7179999351501465,4.75,6100,4.75
2017-07-18,4.75,4.699999809265137,4.699999809265137,4.75,1900,4.75
2017-07-19,4.74399995803833,4.590000152587891,4.664999961853027,4.599999904632568,11400,4.599999904632568
2017-07-20,4.5,4.25,4.5,4.300000190734863,45300,4.300000190734863
2017-07-21,4.400000095367432,4.300000190734863,4.400000095367432,4.300000190734863,13000,4.300000190734863
2017-07-24,4.599999904632568,3.8499999046325684,4.349999904632568,4.199999809265137,46400,4.199999809265137
2017-07-25,4.386000156402588,4.195000171661377,4.199999809265137,4.349999904632568,29200,4.349999904632568
2017-07-26,4.400000095367432,4.25,4.400000095367432,4.400000095367432,19200,4.400000095367432
2017-07-27,4.400000095367432,4.349999904632568,4.349999904632568,4.400000095367432,7300,4.400000095367432
2017-07-28,4.400000095367432,3.5999999046325684,4.25,3.5999999046325684,25000,3.5999999046325684
2017-07-31,4.349999904632568,3.8550000190734863,4.050000190734863,3.950000047683716,14500,3.950000047683716
2017-08-01,4.0,3.75,3.75,4.0,17300,4.0
2017-08-02,4.099999904632568,3.950000047683716,4.099999904632568,4.099999904632568,13500,4.099999904632568
2017-08-03,4.127999782562256,3.799999952316284,4.050000190734863,4.050000190734863,8700,4.050000190734863
2017-08-04,4.449999809265137,4.050000190734863,4.099999904632568,4.449999809265137,18200,4.449999809265137
2017-08-07,4.699999809265137,4.480000019073486,4.5,4.699999809265137,33600,4.699999809265137
2017-08-08,4.699999809265137,4.5,4.650000095367432,4.550000190734863,7500,4.550000190734863
2017-08-09,4.75,4.409999847412109,4.599999904632568,4.599999904632568,13000,4.599999904632568
2017-08-10,5.21999979019165,4.650000095367432,4.699999809265137,4.650000095367432,24900,4.650000095367432
2017-08-11,5.050000190734863,4.550000190734863,5.050000190734863,4.599999904632568,12800,4.599999904632568
2017-08-14,4.949999809265137,4.650000095367432,4.650000095367432,4.949999809265137,10100,4.949999809265137
2017-08-15,5.099999904632568,4.849999904632568,5.050000190734863,5.099999904632568,49300,5.099999904632568
2017-08-16,5.150000095367432,4.849999904632568,5.050000190734863,4.849999904632568,16700,4.849999904632568
2017-08-17,5.144999980926514,5.0,5.050000190734863,5.099999904632568,19200,5.099999904632568
2017-08-18,5.050000190734863,4.949999809265137,5.0,4.949999809265137,18200,4.949999809265137
2017-08-21,4.949999809265137,4.699999809265137,4.949999809265137,4.75,16100,4.75
2017-08-22,5.050000190734863,4.926000118255615,4.926000118255615,5.050000190734863,14600,5.050000190734863
2017-08-23,5.150000095367432,4.929999828338623,5.0,5.150000095367432,15500,5.150000095367432
2017-08-24,5.25,5.050000190734863,5.150000095367432,5.099999904632568,30700,5.099999904632568
2017-08-25,5.400000095367432,5.050000190734863,5.400000095367432,5.25,18900,5.25
2017-08-28,5.449999809265137,5.300000190734863,5.400000095367432,5.349999904632568,14100,5.349999904632568
2017-08-29,5.5,5.355000019073486,5.5,5.5,8200,5.5
2017-08-30,5.75,5.550000190734863,5.550000190734863,5.699999809265137,18200,5.699999809265137
2017-08-31,5.75,5.599999904632568,5.699999809265137,5.650000095367432,14700,5.650000095367432
2017-09-01,5.75,5.599999904632568,5.75,5.75,22800,5.75
2017-09-05,5.699999809265137,5.400000095367432,5.550000190734863,5.400000095367432,14600,5.400000095367432
2017-09-06,5.309999942779541,5.0,5.300000190734863,5.050000190734863,25000,5.050000190734863
2017-09-07,5.449999809265137,5.01800012588501,5.053999900817871,5.199999809265137,32000,5.199999809265137
2017-09-08,5.650000095367432,5.25,5.25,5.550000190734863,14600,5.550000190734863
2017-09-11,6.090000152587891,5.638999938964844,5.75,6.050000190734863,68800,6.050000190734863
2017-09-12,6.300000190734863,5.800000190734863,6.150000095367432,6.099999904632568,43600,6.099999904632568
2017-09-13,6.25,6.0,6.199999809265137,6.099999904632568,20200,6.099999904632568
2017-09-14,6.078000068664551,5.849999904632568,6.078000068664551,5.900000095367432,20200,5.900000095367432
2017-09-15,6.550000190734863,5.849999904632568,6.0,6.550000190734863,100600,6.550000190734863
2017-09-18,7.0,6.400000095367432,6.800000190734863,6.599999904632568,42900,6.599999904632568
2017-09-19,6.550000190734863,6.400000095367432,6.550000190734863,6.5,33100,6.5
2017-09-20,6.599999904632568,6.46999979019165,6.599999904632568,6.599999904632568,14500,6.599999904632568
2017-09-21,6.650000095367432,6.599999904632568,6.650000095367432,6.650000095367432,9200,6.650000095367432
2017-09-22,6.650000095367432,6.570000171661377,6.599999904632568,6.599999904632568,4900,6.599999904632568
2017-09-25,6.800000190734863,6.5,6.699999809265137,6.550000190734863,21800,6.550000190734863
2017-09-26,6.599999904632568,6.40500020980835,6.5,6.550000190734863,9800,6.550000190734863
2017-09-27,7.449999809265137,6.579999923706055,6.580999851226807,6.849999904632568,89600,6.849999904632568
2017-09-28,7.300000190734863,6.874000072479248,7.0,7.199999809265137,33300,7.199999809265137
2017-09-29,7.639999866485596,7.349999904632568,7.400000095367432,7.550000190734863,77600,7.550000190734863
2017-10-02,7.550000190734863,6.699999809265137,7.550000190734863,7.400000095367432,51700,7.400000095367432
2017-10-03,7.25,6.699999809265137,7.25,6.75,32600,6.75
2017-10-04,6.800000190734863,5.849999904632568,6.75,6.099999904632568,83700,6.099999904632568
2017-10-05,6.25,6.0,6.050000190734863,6.25,16600,6.25
2017-10-06,6.328000068664551,5.900000095367432,6.25,5.949999809265137,30400,5.949999809265137
2017-10-09,6.25,5.900000095367432,5.900000095367432,6.25,19600,6.25
2017-10-10,6.650000095367432,6.199999809265137,6.199999809265137,6.650000095367432,8500,6.650000095367432
2017-10-11,7.085999965667725,6.550000190734863,6.599999904632568,7.0,35100,7.0
2017-10-12,7.0,6.900000095367432,6.900000095367432,6.900000095367432,8600,6.900000095367432
2017-10-13,7.0,6.699999809265137,7.0,6.699999809265137,4800,6.699999809265137
2017-10-16,6.699999809265137,6.300000190734863,6.650000095367432,6.349999904632568,17900,6.349999904632568
2017-10-17,6.400000095367432,6.172999858856201,6.349999904632568,6.349999904632568,22000,6.349999904632568
2017-10-18,6.658999919891357,6.349999904632568,6.658999919891357,6.349999904632568,5700,6.349999904632568
2017-10-19,6.599999904632568,6.204999923706055,6.599999904632568,6.349999904632568,10000,6.349999904632568
2017-10-20,6.5,6.383999824523926,6.449999809265137,6.5,6500,6.5
2017-10-23,6.650000095367432,6.5,6.550000190734863,6.5,2700,6.5
2017-10-24,6.579999923706055,6.300000190734863,6.550000190734863,6.300000190734863,7200,6.300000190734863
2017-10-25,6.349999904632568,5.849999904632568,6.349999904632568,5.949999809265137,14300,5.949999809265137
2017-10-26,6.099999904632568,5.849999904632568,6.050000190734863,6.099999904632568,13500,6.099999904632568
2017-10-27,6.11899995803833,5.949999809265137,6.11899995803833,6.0,8800,6.0
2017-10-30,6.11899995803833,6.0,6.11899995803833,6.0,9800,6.0
2017-10-31,6.150000095367432,5.949999809265137,6.050000190734863,6.050000190734863,10400,6.050000190734863
2017-11-01,6.025000095367432,6.0,6.0,6.0,10500,6.0
2017-11-02,6.03000020980835,5.800000190734863,6.0,5.949999809265137,20000,5.949999809265137
2017-11-03,5.900000095367432,5.849999904632568,5.849999904632568,5.900000095367432,9100,5.900000095367432
2017-11-06,5.900000095367432,5.800000190734863,5.823999881744385,5.900000095367432,8100,5.900000095367432
2017-11-07,5.849999904632568,5.650000095367432,5.849999904632568,5.650000095367432,21000,5.650000095367432
2017-11-08,5.949999809265137,5.599999904632568,5.599999904632568,5.800000190734863,10900,5.800000190734863
2017-11-09,5.849999904632568,5.78000020980835,5.800000190734863,5.849999904632568,4200,5.849999904632568
2017-11-10,5.949999809265137,5.888000011444092,5.888000011444092,5.900000095367432,15000,5.900000095367432
2017-11-13,5.949999809265137,5.849999904632568,5.949999809265137,5.949999809265137,9300,5.949999809265137
2017-11-14,5.949999809265137,5.800000190734863,5.849999904632568,5.900000095367432,9500,5.900000095367432
2017-11-15,5.949999809265137,4.199999809265137,5.949999809265137,4.650000095367432,134000,4.650000095367432
2017-11-16,4.699999809265137,4.599999904632568,4.599999904632568,4.650000095367432,25700,4.650000095367432
2017-11-17,4.599999904632568,4.125,4.599999904632568,4.400000095367432,47600,4.400000095367432
2017-11-20,4.400000095367432,4.25,4.400000095367432,4.400000095367432,17300,4.400000095367432
2017-11-21,4.363999843597412,4.244999885559082,4.25,4.300000190734863,22500,4.300000190734863
2017-11-22,4.25,4.099999904632568,4.25,4.099999904632568,37500,4.099999904632568
2017-11-24,4.25,3.799999952316284,4.150000095367432,3.9000000953674316,55300,3.9000000953674316
2017-11-27,4.300000190734863,3.9000000953674316,3.950000047683716,3.9000000953674316,87600,3.9000000953674316
2017-11-28,3.950000047683716,3.8499999046325684,3.950000047683716,3.950000047683716,38200,3.950000047683716
2017-11-29,4.099999904632568,3.9600000381469727,3.990000009536743,4.050000190734863,16800,4.050000190734863
2017-11-30,5.050000190734863,4.099999904632568,4.099999904632568,5.050000190734863,48000,5.050000190734863
2017-12-01,5.150000095367432,4.860000133514404,4.949999809265137,5.050000190734863,12500,5.050000190734863
2017-12-04,5.25,5.150000095367432,5.25,5.199999809265137,13900,5.199999809265137
2017-12-05,5.150000095367432,4.900000095367432,5.150000095367432,5.099999904632568,15600,5.099999904632568
2017-12-06,5.230999946594238,5.039999961853027,5.050000190734863,5.150000095367432,9700,5.150000095367432
2017-12-07,5.199999809265137,4.75,4.75,5.150000095367432,9700,5.150000095367432
2017-12-08,5.199999809265137,5.050000190734863,5.085000038146973,5.199999809265137,3700,5.199999809265137
2017-12-11,5.199999809265137,5.150000095367432,5.179999828338623,5.150000095367432,5500,5.150000095367432
2017-12-12,5.5,4.974999904632568,4.974999904632568,5.449999809265137,9500,5.449999809265137
2017-12-13,6.0,5.349999904632568,5.349999904632568,6.0,25900,6.0
2017-12-14,6.050000190734863,5.699999809265137,6.050000190734863,5.75,37300,5.75
2017-12-15,6.099999904632568,5.599999904632568,5.599999904632568,6.050000190734863,91300,6.050000190734863
2017-12-18,6.199999809265137,6.0,6.099999904632568,6.199999809265137,35100,6.199999809265137
2017-12-19,6.449999809265137,6.175000190734863,6.199999809265137,6.449999809265137,27900,6.449999809265137
2017-12-20,6.400000095367432,6.025000095367432,6.400000095367432,6.099999904632568,123200,6.099999904632568
2017-12-21,6.125,5.699999809265137,6.099999904632568,5.75,63600,5.75
2017-12-22,5.550000190734863,5.099999904632568,5.550000190734863,5.150000095367432,29000,5.150000095367432
2017-12-26,5.25,4.75,4.900000095367432,4.949999809265137,19600,4.949999809265137
2017-12-27,5.199999809265137,4.824999809265137,5.0,4.949999809265137,37100,4.949999809265137
2017-12-28,5.0,4.699999809265137,4.800000190734863,4.75,29500,4.75
2017-12-29,4.849999904632568,4.650000095367432,4.699999809265137,4.650000095367432,28400,4.650000095367432
2018-01-02,4.800000190734863,4.599999904632568,4.699999809265137,4.599999904632568,13600,4.599999904632568
2018-01-03,4.644999980926514,4.400000095367432,4.419000148773193,4.5,38900,4.5
2018-01-04,4.550000190734863,4.309999942779541,4.309999942779541,4.550000190734863,32200,4.550000190734863
2018-01-05,4.650000095367432,4.300000190734863,4.5,4.400000095367432,46700,4.400000095367432
2018-01-08,4.449999809265137,4.110000133514404,4.449999809265137,4.25,62500,4.25
2018-01-09,4.349999904632568,4.099999904632568,4.349999904632568,4.150000095367432,14900,4.150000095367432
2018-01-10,4.300000190734863,4.099999904632568,4.199999809265137,4.300000190734863,13400,4.300000190734863
2018-01-11,4.2769999504089355,4.230999946594238,4.25,4.25,5100,4.25
2018-01-12,4.300000190734863,4.199999809265137,4.230999946594238,4.300000190734863,7200,4.300000190734863
2018-01-16,4.629000186920166,4.150000095367432,4.349999904632568,4.349999904632568,19800,4.349999904632568
2018-01-17,4.5,4.199999809265137,4.400000095367432,4.349999904632568,35300,4.349999904632568
2018-01-18,4.300000190734863,4.199999809265137,4.260000228881836,4.300000190734863,9800,4.300000190734863
2018-01-19,4.34499979019165,4.199999809265137,4.300000190734863,4.199999809265137,5300,4.199999809265137
2018-01-22,4.431000232696533,4.150000095367432,4.150000095367432,4.400000095367432,15500,4.400000095367432
2018-01-23,4.5,4.349999904632568,4.355000019073486,4.449999809265137,8500,4.449999809265137
2018-01-24,4.550000190734863,4.400000095367432,4.5,4.400000095367432,7700,4.400000095367432
2018-01-25,4.400000095367432,4.25,4.400000095367432,4.25,5100,4.25
2018-01-26,4.400000095367432,4.0,4.300000190734863,4.050000190734863,35500,4.050000190734863
2018-01-29,4.09499979019165,3.8499999046325684,4.0,3.950000047683716,55400,3.950000047683716
2018-01-30,4.099999904632568,4.0,4.0,4.050000190734863,6900,4.050000190734863
2018-01-31,4.300000190734863,4.099999904632568,4.300000190734863,4.099999904632568,13500,4.099999904632568
2018-02-01,4.150000095367432,4.054999828338623,4.099999904632568,4.150000095367432,4900,4.150000095367432
2018-02-02,4.050000190734863,3.950000047683716,4.0,3.950000047683716,11400,3.950000047683716
2018-02-05,3.8499999046325684,3.7260000705718994,3.75,3.75,21300,3.75
2018-02-06,3.700000047683716,3.4000000953674316,3.700000047683716,3.5,56200,3.5
2018-02-07,3.5999999046325684,3.4000000953674316,3.5,3.5999999046325684,10800,3.5999999046325684
2018-02-08,3.5999999046325684,3.4000000953674316,3.5999999046325684,3.4000000953674316,11000,3.4000000953674316
2018-02-09,3.450000047683716,3.299999952316284,3.450000047683716,3.3499999046325684,16000,3.3499999046325684
2018-02-12,3.450000047683716,3.4000000953674316,3.4000000953674316,3.450000047683716,21400,3.450000047683716
2018-02-13,3.450000047683716,3.4000000953674316,3.450000047683716,3.450000047683716,25400,3.450000047683716
2018-02-14,3.5,3.4000000953674316,3.4000000953674316,3.4000000953674316,19400,3.4000000953674316
2018-02-15,3.700000047683716,3.444000005722046,3.444000005722046,3.5,17900,3.5
2018-02-16,3.6500000953674316,3.450000047683716,3.450000047683716,3.549999952316284,8800,3.549999952316284
2018-02-20,3.5999999046325684,3.4000000953674316,3.549999952316284,3.4000000953674316,5300,3.4000000953674316
2018-02-21,3.75,3.450000047683716,3.450000047683716,3.549999952316284,13900,3.549999952316284
2018-02-22,3.549999952316284,3.3499999046325684,3.549999952316284,3.3499999046325684,9400,3.3499999046325684
2018-02-23,3.450000047683716,3.309999942779541,3.4000000953674316,3.450000047683716,9600,3.450000047683716
2018-02-26,3.5,3.23799991607666,3.450000047683716,3.299999952316284,28900,3.299999952316284
2018-02-27,3.375,3.25,3.3499999046325684,3.299999952316284,7100,3.299999952316284
2018-02-28,3.4000000953674316,3.25,3.299999952316284,3.299999952316284,17300,3.299999952316284
2018-03-01,3.299999952316284,3.0,3.299999952316284,3.049999952316284,12800,3.049999952316284
2018-03-02,3.1500000953674316,3.049999952316284,3.049999952316284,3.0999999046325684,17500,3.0999999046325684
2018-03-05,3.0999999046325684,2.8499999046325684,3.0999999046325684,3.0,40200,3.0
2018-03-06,3.049999952316284,2.950000047683716,2.950000047683716,2.950000047683716,16600,2.950000047683716
2018-03-07,3.140000104904175,2.950000047683716,2.950000047683716,3.0,19400,3.0
2018-03-08,3.075000047683716,2.950000047683716,3.0,3.0,5900,3.0
2018-03-09,3.049999952316284,1.940000057220459,3.049999952316284,2.049999952316284,191400,2.049999952316284
2018-03-12,2.427999973297119,1.9500000476837158,2.3499999046325684,2.0999999046325684,124800,2.0999999046325684
2018-03-13,2.0999999046325684,2.0,2.0,2.0,24400,2.0
2018-03-14,2.25,2.0,2.0,2.1500000953674316,48400,2.1500000953674316
2018-03-15,2.3499999046325684,2.134999990463257,2.200000047683716,2.25,49500,2.25
2018-03-16,2.255000114440918,2.1500000953674316,2.25,2.200000047683716,78000,2.200000047683716
2018-03-19,2.299999952316284,2.0,2.25,2.1500000953674316,82900,2.1500000953674316
2018-03-20,2.1500000953674316,1.4950000047683716,2.1500000953674316,1.600000023841858,188200,1.600000023841858
2018-03-21,1.5499999523162842,1.2899999618530273,1.5499999523162842,1.5,329300,1.5
2018-03-22,1.5,1.100000023841858,1.5,1.2999999523162842,367000,1.2999999523162842
2018-03-23,1.399999976158142,1.2999999523162842,1.2999999523162842,1.350000023841858,60200,1.350000023841858
2018-03-26,1.350000023841858,1.2000000476837158,1.350000023841858,1.2999999523162842,67000,1.2999999523162842
2018-03-27,1.3700000047683716,1.25,1.350000023841858,1.25,44400,1.25
2018-03-28,1.2999999523162842,1.25,1.2599999904632568,1.2999999523162842,29300,1.2999999523162842
2018-03-29,2.8499999046325684,1.2860000133514404,1.2999999523162842,2.0999999046325684,1262700,2.0999999046325684
2018-04-02,2.299999952316284,1.8600000143051147,1.9500000476837158,2.25,251900,2.25
2018-04-03,2.5899999141693115,2.299999952316284,2.4000000953674316,2.3499999046325684,177500,2.3499999046325684
2018-04-04,2.299999952316284,2.0,2.299999952316284,2.0,80600,2.0
2018-04-05,2.049999952316284,1.850000023841858,2.0,2.0,53500,2.0
2018-04-06,2.1500000953674316,2.0,2.0,2.1500000953674316,36800,2.1500000953674316
2018-04-09,2.25,2.059999942779541,2.25,2.200000047683716,36000,2.200000047683716
2018-04-10,2.2920000553131104,2.1500000953674316,2.200000047683716,2.200000047683716,35300,2.200000047683716
2018-04-11,2.3499999046325684,2.0880000591278076,2.200000047683716,2.25,125600,2.25
2018-04-12,2.3499999046325684,2.1670000553131104,2.1670000553131104,2.25,39800,2.25
2018-04-13,2.3499999046325684,2.25,2.299999952316284,2.3499999046325684,39000,2.3499999046325684
2018-04-16,2.75,2.25,2.4000000953674316,2.5,159700,2.5
2018-04-17,3.1500000953674316,2.5,2.5,2.8499999046325684,261000,2.8499999046325684
2018-04-18,3.0,2.6500000953674316,2.950000047683716,2.700000047683716,56400,2.700000047683716
2018-04-19,2.700000047683716,2.450000047683716,2.700000047683716,2.5,51300,2.5
2018-04-20,2.5450000762939453,2.4000000953674316,2.450000047683716,2.450000047683716,19800,2.450000047683716
2018-04-23,2.5,2.3499999046325684,2.5,2.3499999046325684,50300,2.3499999046325684
2018-04-24,2.4000000953674316,2.299999952316284,2.4000000953674316,2.3499999046325684,23900,2.3499999046325684
2018-04-25,2.3499999046325684,2.0999999046325684,2.3499999046325684,2.1500000953674316,75400,2.1500000953674316
2018-04-26,2.25,2.0,2.25,2.200000047683716,27300,2.200000047683716
2018-04-27,2.1679999828338623,2.0999999046325684,2.0999999046325684,2.1500000953674316,7000,2.1500000953674316
2018-04-30,2.490000009536743,2.1500000953674316,2.1500000953674316,2.1500000953674316,32800,2.1500000953674316
2018-05-01,2.200000047683716,2.049999952316284,2.0999999046325684,2.049999952316284,15900,2.049999952316284
2018-05-02,2.4000000953674316,2.049999952316284,2.049999952316284,2.3499999046325684,36200,2.3499999046325684
2018-05-03,2.5,1.909999966621399,2.3499999046325684,2.049999952316284,112000,2.049999952316284
2018-05-04,2.2249999046325684,2.0,2.0999999046325684,2.1500000953674316,49300,2.1500000953674316
2018-05-07,2.1989998817443848,2.049999952316284,2.1500000953674316,2.1500000953674316,10800,2.1500000953674316
2018-05-08,2.13100004196167,2.0,2.0999999046325684,2.0999999046325684,32900,2.0999999046325684
2018-05-09,2.200000047683716,2.0999999046325684,2.0999999046325684,2.1500000953674316,13800,2.1500000953674316
2018-05-10,2.200000047683716,2.0999999046325684,2.0999999046325684,2.1500000953674316,34800,2.1500000953674316
2018-05-11,2.3499999046325684,2.0999999046325684,2.1500000953674316,2.299999952316284,62100,2.299999952316284
2018-05-14,2.450000047683716,2.1670000553131104,2.299999952316284,2.4000000953674316,13400,2.4000000953674316
2018-05-15,2.5,2.3499999046325684,2.3499999046325684,2.4000000953674316,24400,2.4000000953674316
2018-05-16,2.450000047683716,2.3499999046325684,2.450000047683716,2.450000047683716,14600,2.450000047683716
2018-05-17,2.5,2.440000057220459,2.5,2.5,10600,2.5
2018-05-18,2.5999999046325684,2.4170000553131104,2.5999999046325684,2.549999952316284,36900,2.549999952316284
2018-05-21,2.5999999046325684,2.450000047683716,2.5999999046325684,2.549999952316284,26000,2.549999952316284
2018-05-22,2.5,2.3499999046325684,2.450000047683716,2.3499999046325684,12000,2.3499999046325684
2018-05-23,2.5,2.4000000953674316,2.450000047683716,2.450000047683716,10700,2.450000047683716
2018-05-24,2.450000047683716,2.3499999046325684,2.450000047683716,2.4000000953674316,10900,2.4000000953674316
2018-05-25,2.450000047683716,2.3499999046325684,2.3499999046325684,2.4000000953674316,6600,2.4000000953674316
2018-05-29,2.799999952316284,2.299999952316284,2.4000000953674316,2.799999952316284,136100,2.799999952316284
2018-05-30,3.0999999046325684,2.75,2.799999952316284,2.8499999046325684,97500,2.8499999046325684
2018-05-31,3.25,2.799999952316284,2.799999952316284,3.25,142500,3.25
2018-06-01,3.450000047683716,3.0999999046325684,3.25,3.299999952316284,146700,3.299999952316284
2018-06-04,3.5,2.559999942779541,3.5,2.6500000953674316,70500,2.6500000953674316
2018-06-05,3.0999999046325684,2.6500000953674316,2.700000047683716,3.049999952316284,118500,3.049999952316284
2018-06-06,3.1500000953674316,2.799999952316284,3.0,2.8499999046325684,60500,2.8499999046325684
2018-06-07,2.9000000953674316,2.5999999046325684,2.8499999046325684,2.75,48500,2.75
2018-06-08,2.8499999046325684,2.75,2.75,2.75,13200,2.75
2018-06-11,2.8499999046325684,2.7899999618530273,2.799999952316284,2.8499999046325684,15400,2.8499999046325684
2018-06-12,2.9000000953674316,2.549999952316284,2.9000000953674316,2.549999952316284,27800,2.549999952316284
2018-06-13,2.740000009536743,2.549999952316284,2.549999952316284,2.549999952316284,31200,2.549999952316284
2018-06-14,2.549999952316284,2.299999952316284,2.549999952316284,2.299999952316284,50200,2.299999952316284
2018-06-15,2.700000047683716,2.25,2.299999952316284,2.5,67000,2.5
2018-06-18,2.700000047683716,2.299999952316284,2.5,2.5,50400,2.5
2018-06-19,2.549999952316284,2.3499999046325684,2.4000000953674316,2.3499999046325684,64400,2.3499999046325684
2018-06-20,2.4000000953674316,2.25,2.3499999046325684,2.3499999046325684,23100,2.3499999046325684
2018-06-21,2.450000047683716,2.25,2.4000000953674316,2.299999952316284,37900,2.299999952316284
2018-06-22,3.75,2.1500000953674316,2.25,3.1500000953674316,558900,3.1500000953674316
2018-06-25,3.0,2.609999895095825,3.0,2.950000047683716,73500,2.950000047683716
2018-06-26,3.25,2.9000000953674316,3.0,2.950000047683716,30600,2.950000047683716
2018-06-27,2.9000000953674316,2.700000047683716,2.9000000953674316,2.700000047683716,14800,2.700000047683716
2018-06-28,2.8499999046325684,2.5,2.700000047683716,2.5999999046325684,21400,2.5999999046325684
2018-06-29,2.6500000953674316,2.4000000953674316,2.6500000953674316,2.549999952316284,36400,2.549999952316284
2018-07-02,2.609999895095825,2.450000047683716,2.549999952316284,2.549999952316284,13100,2.549999952316284
2018-07-03,2.7750000953674316,2.5999999046325684,2.6500000953674316,2.6500000953674316,22400,2.6500000953674316
2018-07-05,2.799999952316284,2.5999999046325684,2.799999952316284,2.6500000953674316,27900,2.6500000953674316
2018-07-06,3.049999952316284,2.5999999046325684,2.700000047683716,2.950000047683716,34400,2.950000047683716
2018-07-09,3.0999999046325684,2.8499999046325684,3.0,3.049999952316284,233100,3.049999952316284
2018-07-10,4.59499979019165,3.299999952316284,4.5,3.450000047683716,2421500,3.450000047683716
2018-07-11,3.5,3.117000102996826,3.5,3.1500000953674316,270700,3.1500000953674316
2018-07-12,3.430999994277954,3.109999895095825,3.200000047683716,3.25,106100,3.25
2018-07-13,3.3499999046325684,3.0999999046325684,3.25,3.1500000953674316,82700,3.1500000953674316
2018-07-16,3.1500000953674316,2.75,3.1500000953674316,2.9000000953674316,108600,2.9000000953674316
2018-07-17,2.950000047683716,2.700000047683716,2.9000000953674316,2.8499999046325684,57400,2.8499999046325684
2018-07-18,3.049999952316284,2.75,2.8499999046325684,3.0,87700,3.0
2018-07-19,3.25,2.950000047683716,3.0,3.200000047683716,64600,3.200000047683716
2018-07-20,3.25,3.0450000762939453,3.25,3.0999999046325684,30900,3.0999999046325684
2018-07-23,3.2279999256134033,3.049999952316284,3.0999999046325684,3.0999999046325684,19900,3.0999999046325684
2018-07-24,3.049999952316284,2.950000047683716,3.049999952316284,3.0,30900,3.0
2018-07-25,3.0,2.799999952316284,3.0,2.799999952316284,42000,2.799999952316284
2018-07-26,2.950000047683716,2.799999952316284,2.8499999046325684,2.8499999046325684,13500,2.8499999046325684
2018-07-27,2.8499999046325684,2.700000047683716,2.8499999046325684,2.700000047683716,30300,2.700000047683716
2018-07-30,2.7769999504089355,2.5999999046325684,2.75,2.6500000953674316,49400,2.6500000953674316
2018-07-31,2.700000047683716,2.450000047683716,2.700000047683716,2.450000047683716,61900,2.450000047683716
2018-08-01,2.5999999046325684,2.1600000858306885,2.5999999046325684,2.25,97900,2.25
2018-08-02,2.450000047683716,2.1500000953674316,2.1500000953674316,2.200000047683716,60200,2.200000047683716
2018-08-03,2.5999999046325684,2.200000047683716,2.5999999046325684,2.299999952316284,42400,2.299999952316284
2018-08-06,2.4000000953674316,2.200000047683716,2.3499999046325684,2.25,38000,2.25
2018-08-07,2.4000000953674316,2.200000047683716,2.200000047683716,2.3499999046325684,66500,2.3499999046325684
2018-08-08,2.549999952316284,2.25,2.3499999046325684,2.549999952316284,78200,2.549999952316284
2018-08-09,2.6700000762939453,2.5,2.5999999046325684,2.6500000953674316,44100,2.6500000953674316
2018-08-10,2.75,2.5,2.700000047683716,2.5999999046325684,64400,2.5999999046325684
2018-08-13,2.694999933242798,2.5,2.549999952316284,2.5999999046325684,59900,2.5999999046325684
2018-08-14,2.9000000953674316,2.700000047683716,2.75,2.8499999046325684,96700,2.8499999046325684
2018-08-15,2.75,2.549999952316284,2.6500000953674316,2.549999952316284,51800,2.549999952316284
2018-08-16,2.6500000953674316,2.5,2.549999952316284,2.549999952316284,173900,2.549999952316284
2018-08-17,2.549999952316284,2.3499999046325684,2.5,2.3499999046325684,42600,2.3499999046325684
2018-08-20,2.4000000953674316,2.200000047683716,2.4000000953674316,2.3499999046325684,34300,2.3499999046325684
2018-08-21,2.3499999046325684,2.200000047683716,2.3499999046325684,2.299999952316284,45500,2.299999952316284
2018-08-22,2.4000000953674316,2.25,2.3499999046325684,2.4000000953674316,41400,2.4000000953674316
2018-08-23,2.4000000953674316,2.3499999046325684,2.4000000953674316,2.3499999046325684,50500,2.3499999046325684
2018-08-24,2.450000047683716,2.3499999046325684,2.4000000953674316,2.450000047683716,22000,2.450000047683716
2018-08-27,2.4000000953674316,2.25,2.299999952316284,2.299999952316284,111800,2.299999952316284
2018-08-28,2.450000047683716,2.200000047683716,2.299999952316284,2.25,49200,2.25
2018-08-29,2.5999999046325684,2.200000047683716,2.299999952316284,2.450000047683716,81500,2.450000047683716
2018-08-30,2.5,2.4000000953674316,2.4000000953674316,2.4000000953674316,34800,2.4000000953674316
2018-08-31,2.549999952316284,2.299999952316284,2.4000000953674316,2.549999952316284,46200,2.549999952316284
2018-09-04,2.7079999446868896,2.299999952316284,2.549999952316284,2.4000000953674316,32300,2.4000000953674316
2018-09-05,2.4000000953674316,2.25,2.299999952316284,2.4000000953674316,60700,2.4000000953674316
2018-09-06,2.4000000953674316,2.25,2.4000000953674316,2.299999952316284,35100,2.299999952316284
2018-09-07,2.5,2.25,2.299999952316284,2.4000000953674316,42700,2.4000000953674316
2018-09-10,2.5,2.299999952316284,2.4000000953674316,2.299999952316284,107300,2.299999952316284
2018-09-11,2.3499999046325684,2.25,2.299999952316284,2.25,66300,2.25
2018-09-12,2.4000000953674316,2.1500000953674316,2.25,2.299999952316284,66600,2.299999952316284
2018-09-13,2.3499999046325684,2.200000047683716,2.25,2.299999952316284,29000,2.299999952316284
2018-09-14,2.3499999046325684,2.200000047683716,2.299999952316284,2.299999952316284,32800,2.299999952316284
2018-09-17,2.4000000953674316,2.200000047683716,2.299999952316284,2.299999952316284,39400,2.299999952316284
2018-09-18,2.4000000953674316,2.299999952316284,2.299999952316284,2.299999952316284,29000,2.299999952316284
2018-09-19,2.450000047683716,2.299999952316284,2.299999952316284,2.4000000953674316,36000,2.4000000953674316
2018-09-20,2.6500000953674316,2.3499999046325684,2.4000000953674316,2.549999952316284,33600,2.549999952316284
2018-09-21,2.572999954223633,2.299999952316284,2.450000047683716,2.299999952316284,107700,2.299999952316284
2018-09-24,2.450000047683716,2.25,2.3499999046325684,2.450000047683716,16800,2.450000047683716
2018-09-25,2.5999999046325684,2.4000000953674316,2.450000047683716,2.549999952316284,51800,2.549999952316284
2018-09-26,2.5999999046325684,2.450000047683716,2.5999999046325684,2.5,24900,2.5
2018-09-27,2.5280001163482666,2.450000047683716,2.5,2.450000047683716,40700,2.450000047683716
2018-09-28,2.5999999046325684,2.450000047683716,2.450000047683716,2.5,31600,2.5
2018-10-01,2.6500000953674316,2.450000047683716,2.549999952316284,2.5,31100,2.5
2018-10-02,2.609999895095825,2.5,2.5,2.5899999141693115,28200,2.5899999141693115
2018-10-03,2.6500000953674316,2.5,2.5,2.549999952316284,27800,2.549999952316284
2018-10-04,2.618000030517578,2.450000047683716,2.5299999713897705,2.5,95100,2.5
2018-10-05,2.559999942779541,2.450000047683716,2.559999942779541,2.5,32700,2.5
2018-10-08,2.4739999771118164,2.2699999809265137,2.4700000286102295,2.2799999713897705,22200,2.2799999713897705
2018-10-09,2.3499999046325684,2.200000047683716,2.259999990463257,2.200000047683716,43700,2.200000047683716
2018-10-10,2.25,2.0999999046325684,2.2100000381469727,2.200000047683716,45100,2.200000047683716
2018-10-11,2.25,2.009999990463257,2.059999942779541,2.009999990463257,85800,2.009999990463257
2018-10-12,2.2909998893737793,2.0799999237060547,2.0999999046325684,2.119999885559082,36900,2.119999885559082
2018-10-15,2.130000114440918,1.9900000095367432,2.130000114440918,2.0299999713897705,18200,2.0299999713897705
2018-10-16,2.1500000953674316,1.9600000381469727,2.0299999713897705,2.009999990463257,82600,2.009999990463257
2018-10-17,2.049999952316284,1.7899999618530273,2.0,1.9500000476837158,69300,1.9500000476837158
2018-10-18,2.0799999237060547,1.8949999809265137,1.9500000476837158,1.899999976158142,114800,1.899999976158142
2018-10-19,1.9199999570846558,1.809999942779541,1.909999966621399,1.8700000047683716,56000,1.8700000047683716
2018-10-22,2.1010000705718994,1.8200000524520874,1.9500000476837158,1.8700000047683716,37800,1.8700000047683716
2018-10-23,1.934999942779541,1.8200000524520874,1.850000023841858,1.840000033378601,64900,1.840000033378601
2018-10-24,1.8799999952316284,1.6399999856948853,1.850000023841858,1.7200000286102295,24800,1.7200000286102295
2018-10-25,1.7899999618530273,1.6399999856948853,1.649999976158142,1.6399999856948853,183900,1.6399999856948853
2018-10-26,1.8320000171661377,1.5,1.5199999809265137,1.559999942779541,41300,1.559999942779541
2018-10-29,1.9500000476837158,1.5199999809265137,1.590000033378601,1.5199999809265137,40100,1.5199999809265137
2018-10-30,1.6990000009536743,1.5,1.5,1.600000023841858,18100,1.600000023841858
2018-10-31,1.8700000047683716,1.6100000143051147,1.6100000143051147,1.7999999523162842,33500,1.7999999523162842
2018-11-01,2.0799999237060547,1.850000023841858,1.850000023841858,1.9900000095367432,33300,1.9900000095367432
2018-11-02,2.119999885559082,2.0,2.0,2.0899999141693115,20600,2.0899999141693115
2018-11-05,2.0999999046325684,2.009999990463257,2.0999999046325684,2.049999952316284,19900,2.049999952316284
2018-11-06,2.0,1.940000057220459,1.9600000381469727,1.9600000381469727,11000,1.9600000381469727
2018-11-07,2.049999952316284,1.909999966621399,2.049999952316284,2.0,23200,2.0
2018-11-08,1.9800000190734863,1.8799999952316284,1.9600000381469727,1.9800000190734863,12100,1.9800000190734863
2018-11-09,1.934000015258789,1.7999999523162842,1.934000015258789,1.899999976158142,17800,1.899999976158142
2018-11-12,1.9900000095367432,1.7999999523162842,1.9600000381469727,1.809999942779541,28700,1.809999942779541
2018-11-13,1.9160000085830688,1.7599999904632568,1.8600000143051147,1.8200000524520874,20600,1.8200000524520874
2018-11-14,1.850000023841858,1.690000057220459,1.7000000476837158,1.7000000476837158,18100,1.7000000476837158
2018-11-15,1.7799999713897705,1.6699999570846558,1.6699999570846558,1.7799999713897705,16300,1.7799999713897705
2018-11-16,1.940000057220459,1.690000057220459,1.7200000286102295,1.690000057220459,21600,1.690000057220459
2018-11-19,1.8530000448226929,1.6799999475479126,1.6799999475479126,1.690000057220459,14300,1.690000057220459
2018-11-20,1.7990000247955322,1.5199999809265137,1.690000057220459,1.5199999809265137,45900,1.5199999809265137
2018-11-21,1.649999976158142,1.5099999904632568,1.5499999523162842,1.6299999952316284,24100,1.6299999952316284
2018-11-23,1.8799999952316284,1.649999976158142,1.649999976158142,1.7999999523162842,30900,1.7999999523162842
2018-11-26,1.7999999523162842,1.659999966621399,1.7999999523162842,1.659999966621399,18000,1.659999966621399
2018-11-27,1.7940000295639038,1.600000023841858,1.6200000047683716,1.6200000047683716,30500,1.6200000047683716
2018-11-28,1.687000036239624,1.600000023841858,1.6740000247955322,1.6299999952316284,16100,1.6299999952316284
2018-11-29,1.690000057220459,1.6100000143051147,1.659999966621399,1.690000057220459,31900,1.690000057220459
2018-11-30,1.7799999713897705,1.6799999475479126,1.6799999475479126,1.7000000476837158,26700,1.7000000476837158
2018-12-03,1.7599999904632568,1.6799999475479126,1.7000000476837158,1.7400000095367432,21200,1.7400000095367432
2018-12-04,1.7799999713897705,1.6799999475479126,1.75,1.7100000381469727,14700,1.7100000381469727
2018-12-06,1.7400000095367432,1.5700000524520874,1.7000000476837158,1.7000000476837158,126500,1.7000000476837158
2018-12-07,1.7100000381469727,1.5,1.590000033378601,1.590000033378601,33600,1.590000033378601
2018-12-10,1.5800000429153442,1.5,1.5199999809265137,1.5499999523162842,22800,1.5499999523162842
2018-12-11,1.5700000524520874,1.4299999475479126,1.5700000524520874,1.5499999523162842,41200,1.5499999523162842
2018-12-12,1.5499999523162842,1.399999976158142,1.399999976158142,1.4900000095367432,41900,1.4900000095367432
2018-12-13,1.5750000476837158,1.4199999570846558,1.5099999904632568,1.4199999570846558,30400,1.4199999570846558
2018-12-14,1.8200000524520874,1.1649999618530273,1.4199999570846558,1.5,39000,1.5
2018-12-17,1.590000033378601,1.4299999475479126,1.4600000381469727,1.4500000476837158,42000,1.4500000476837158
2018-12-18,1.5399999618530273,1.4500000476837158,1.4800000190734863,1.5299999713897705,38600,1.5299999713897705
2018-12-19,1.600000023841858,1.440000057220459,1.600000023841858,1.4500000476837158,50400,1.4500000476837158
2018-12-20,1.5,1.399999976158142,1.4500000476837158,1.4500000476837158,62500,1.4500000476837158
2018-12-21,1.4800000190734863,1.409999966621399,1.4500000476837158,1.4700000286102295,30300,1.4700000286102295
2018-12-24,1.4830000400543213,1.409999966621399,1.409999966621399,1.4500000476837158,16500,1.4500000476837158
2018-12-26,1.6299999952316284,1.409999966621399,1.5,1.4800000190734863,49900,1.4800000190734863
2018-12-27,1.4800000190734863,1.4199999570846558,1.4199999570846558,1.4500000476837158,39100,1.4500000476837158
2018-12-28,1.4700000286102295,1.409999966621399,1.4500000476837158,1.4700000286102295,28000,1.4700000286102295
2018-12-31,1.4700000286102295,1.3600000143051147,1.4700000286102295,1.3799999952316284,39600,1.3799999952316284
